global_episode,iteration,rollout_name,semantic_target,course,return,steps,success,goal_settled,final_pos_err_m,start_idx,collision,termination
1,0,flightroom_071353_q00,green_clock,green clock,32.96736924326883,269,1,1,0.2827664198752394,0,0,goal_reached
2,0,flightroom_071353_q70,green_clock,green clock,18.41504290685488,247,1,1,0.31040284618254366,0,0,goal_reached
3,0,flightroom_071353_q35,green_clock,green clock,15.42859480372977,261,1,1,0.2756868710080509,0,0,goal_reached
4,0,flightroom_071353_q10,green_clock,green clock,14.930064133968578,128,1,1,0.4245350835442741,0,0,goal_reached
5,1,flightroom_071353_q03,green_clock,green clock,16.183927108365502,139,1,1,0.41715504221548316,0,0,goal_reached
6,1,flightroom_071353_q01,green_clock,green clock,-49.20405472435577,458,0,0,1.8415876272269318,0,1,collision
7,1,flightroom_071353_q35,green_clock,green clock,-54.53299926072376,322,0,0,1.5514308204500193,0,1,collision
8,1,flightroom_071718_q00,yellow_handheld_cordless_drill_on_two_boxes,yellow handheld cordless drill on two boxes,32.14061729150061,282,1,1,0.45929886134253667,0,0,goal_reached
9,2,flightroom_071353_q70,green_clock,green clock,2.620904104364649,527,1,1,0.048118252503651086,0,0,goal_reached
10,2,flightroom_071353_q95,green_clock,green clock,22.041906226313746,185,1,1,0.4551692159456036,0,0,goal_reached
11,2,flightroom_071353_q50,green_clock,green clock,18.148013105073467,174,1,1,0.3169486777848213,0,0,goal_reached
12,2,flightroom_071718_q50,yellow_handheld_cordless_drill_on_two_boxes,yellow handheld cordless drill on two boxes,12.926523431190596,127,1,1,0.1697127569891283,0,0,goal_reached
13,3,flightroom_071718_q50,yellow_handheld_cordless_drill_on_two_boxes,yellow handheld cordless drill on two boxes,12.729032212965537,150,1,1,0.23805389768224666,0,0,goal_reached
14,3,flightroom_071718_q00,yellow_handheld_cordless_drill_on_two_boxes,yellow handheld cordless drill on two boxes,30.771396921078573,274,1,1,0.47835669644776363,0,0,goal_reached
15,3,flightroom_071353_q02,green_clock,green clock,14.410627544557759,241,1,1,0.2849613047539872,0,0,goal_reached
16,3,flightroom_071718_q02,yellow_handheld_cordless_drill_on_two_boxes,yellow handheld cordless drill on two boxes,23.614280437812198,209,1,1,0.26161741404963423,0,0,goal_reached
17,4,flightroom_071353_q03,green_clock,green clock,15.102723065882802,132,1,1,0.4111487454228009,0,0,goal_reached
18,4,flightroom_071353_q70,green_clock,green clock,-9.741887600629015,670,0,0,0.17376057995935448,0,0,timeout
19,4,flightroom_071718_q35,yellow_handheld_cordless_drill_on_two_boxes,yellow handheld cordless drill on two boxes,-10.589776549489965,670,0,0,0.21318987933038075,0,0,timeout
20,4,flightroom_071353_q50,green_clock,green clock,18.35904150585103,166,1,1,0.33469547517766385,0,0,goal_reached
21,5,flightroom_071353_q95,green_clock,green clock,23.30410613656239,192,1,1,0.4497679355941956,0,0,goal_reached
22,5,flightroom_071353_q70,green_clock,green clock,-10.312260429020654,670,0,0,0.386660678370241,0,0,timeout
23,5,flightroom_071718_q01,yellow_handheld_cordless_drill_on_two_boxes,yellow handheld cordless drill on two boxes,18.499104108631357,237,1,1,0.22950932794372042,0,0,goal_reached
24,5,flightroom_071718_q00,yellow_handheld_cordless_drill_on_two_boxes,yellow handheld cordless drill on two boxes,-30.85567772286819,670,0,0,0.7082575327559375,0,0,timeout
25,6,flightroom_071353_q35,green_clock,green clock,17.87420356551581,305,1,1,0.34504829047590213,0,0,goal_reached
26,6,flightroom_071353_q02,green_clock,green clock,16.359034380892314,172,1,1,0.1607221543893225,0,0,goal_reached
27,6,flightroom_071718_q70,yellow_handheld_cordless_drill_on_two_boxes,yellow handheld cordless drill on two boxes,32.04478587393956,300,1,1,0.454289985419419,0,0,goal_reached
28,6,flightroom_071353_q03,green_clock,green clock,15.824487208692112,135,1,1,0.39745013780542365,0,0,goal_reached
29,7,flightroom_071718_q50,yellow_handheld_cordless_drill_on_two_boxes,yellow handheld cordless drill on two boxes,11.515927606282046,143,1,1,0.406840866946192,0,0,goal_reached
30,7,flightroom_071718_q70,yellow_handheld_cordless_drill_on_two_boxes,yellow handheld cordless drill on two boxes,32.13694991487092,296,1,1,0.43606697628748853,0,0,goal_reached
31,7,flightroom_071353_q02,green_clock,green clock,15.274918631816321,151,1,1,0.342199957656571,0,0,goal_reached
32,7,flightroom_071718_q10,yellow_handheld_cordless_drill_on_two_boxes,yellow handheld cordless drill on two boxes,28.490410138564574,236,1,1,0.46038604621677337,0,0,goal_reached
33,8,flightroom_071718_q50,yellow_handheld_cordless_drill_on_two_boxes,yellow handheld cordless drill on two boxes,12.21566244034501,157,1,1,0.40793739489555497,0,0,goal_reached
34,8,flightroom_071353_q00,green_clock,green clock,32.02119710951678,249,1,1,0.38779023099093907,0,0,goal_reached
35,8,flightroom_071353_q70,green_clock,green clock,18.944189250724786,283,1,1,0.33386839393581913,0,0,goal_reached
36,8,flightroom_071353_q10,green_clock,green clock,15.931156853141589,128,1,1,0.3391396579077177,0,0,goal_reached
37,9,flightroom_071353_q20,green_clock,green clock,19.981470272255976,289,1,1,0.29565161605641976,0,0,goal_reached
38,9,flightroom_071718_q70,yellow_handheld_cordless_drill_on_two_boxes,yellow handheld cordless drill on two boxes,31.540619001896953,303,1,1,0.43619797955258244,0,0,goal_reached
39,9,flightroom_071353_q00,green_clock,green clock,33.24864342198745,272,1,1,0.35853533834237333,0,0,goal_reached
40,9,flightroom_071353_q03,green_clock,green clock,16.13396813963016,135,1,1,0.3660351497378196,0,0,goal_reached
41,10,flightroom_071353_q01,green_clock,green clock,28.132038504266568,365,1,1,0.37555157557800545,0,0,goal_reached
42,10,flightroom_071353_q02,green_clock,green clock,16.35956120082437,165,1,1,0.19905534559155114,0,0,goal_reached
43,10,flightroom_071718_q02,yellow_handheld_cordless_drill_on_two_boxes,yellow handheld cordless drill on two boxes,19.46687766882786,182,1,1,0.4474029571674511,0,0,goal_reached
44,10,flightroom_071353_q95,green_clock,green clock,23.180914400327687,188,1,1,0.44432485497467994,0,0,goal_reached
45,11,flightroom_071353_q70,green_clock,green clock,15.886285488876732,633,1,1,0.3444137705114961,0,0,goal_reached
46,11,flightroom_071718_q00,yellow_handheld_cordless_drill_on_two_boxes,yellow handheld cordless drill on two boxes,30.45663308359524,267,1,1,0.4748960948504671,0,0,goal_reached
47,11,flightroom_071718_q35,yellow_handheld_cordless_drill_on_two_boxes,yellow handheld cordless drill on two boxes,-39.70339064525299,228,0,0,0.5038455086637947,0,1,collision
48,11,flightroom_071353_q95,green_clock,green clock,22.93209320362488,187,1,1,0.4472863158719608,0,0,goal_reached
49,12,flightroom_071718_q01,yellow_handheld_cordless_drill_on_two_boxes,yellow handheld cordless drill on two boxes,-36.677755409529695,212,0,0,0.38729951677606744,0,1,collision
50,12,flightroom_071353_q02,green_clock,green clock,16.04938191079345,161,1,1,0.2771010890047548,0,0,goal_reached
51,12,flightroom_071718_q02,yellow_handheld_cordless_drill_on_two_boxes,yellow handheld cordless drill on two boxes,19.618805659313843,182,1,1,0.4177821223897027,0,0,goal_reached
52,12,flightroom_071718_q70,yellow_handheld_cordless_drill_on_two_boxes,yellow handheld cordless drill on two boxes,31.891130995462397,306,1,1,0.4334482349967884,0,0,goal_reached
53,13,flightroom_071353_q20,green_clock,green clock,8.232815556908212,422,1,1,0.16358304263028003,0,0,goal_reached
54,13,flightroom_071718_q10,yellow_handheld_cordless_drill_on_two_boxes,yellow handheld cordless drill on two boxes,33.43831085145537,311,1,1,0.45992678734072334,0,0,goal_reached
55,13,flightroom_071718_q01,yellow_handheld_cordless_drill_on_two_boxes,yellow handheld cordless drill on two boxes,-36.75914159302919,218,0,0,0.3713755753107025,0,1,collision
56,13,flightroom_071353_q01,green_clock,green clock,24.4880132588395,418,1,1,0.3300695787177789,0,0,goal_reached
57,14,flightroom_071353_q20,green_clock,green clock,14.228997009794341,389,1,1,0.0633140662536625,0,0,goal_reached
58,14,flightroom_071353_q70,green_clock,green clock,16.33253968120799,492,1,1,0.3064940338438226,0,0,goal_reached
59,14,flightroom_071353_q10,green_clock,green clock,15.727178988944875,128,1,1,0.35304469369038094,0,0,goal_reached
60,14,flightroom_071353_q03,green_clock,green clock,16.56125010182413,138,1,1,0.3740888819897673,0,0,goal_reached
61,15,flightroom_071353_q35,green_clock,green clock,19.187567528999402,366,1,1,0.28356936360056845,0,0,goal_reached
62,15,flightroom_071353_q00,green_clock,green clock,33.036430125027145,268,1,1,0.31720681788718125,0,0,goal_reached
63,15,flightroom_071353_q70,green_clock,green clock,18.673848282073262,531,1,1,0.37262011407069734,0,0,goal_reached
64,15,flightroom_071718_q35,yellow_handheld_cordless_drill_on_two_boxes,yellow handheld cordless drill on two boxes,-40.04537129253981,207,0,0,0.3917919720777457,0,1,collision
65,16,flightroom_071353_q02,green_clock,green clock,16.502203255097136,159,1,1,0.25887178856837734,0,0,goal_reached
66,16,flightroom_071353_q70,green_clock,green clock,9.132898675531619,402,1,1,0.0696026598713745,0,0,goal_reached
67,16,flightroom_071718_q03,yellow_handheld_cordless_drill_on_two_boxes,yellow handheld cordless drill on two boxes,10.870653221609782,168,1,1,0.42114234344456153,0,0,goal_reached
68,16,flightroom_071718_q20,yellow_handheld_cordless_drill_on_two_boxes,yellow handheld cordless drill on two boxes,17.855667524608833,154,1,1,0.3343705651097382,0,0,goal_reached
69,17,flightroom_071718_q50,yellow_handheld_cordless_drill_on_two_boxes,yellow handheld cordless drill on two boxes,12.067734055822829,148,1,1,0.4279950691357736,0,0,goal_reached
70,17,flightroom_071718_q03,yellow_handheld_cordless_drill_on_two_boxes,yellow handheld cordless drill on two boxes,11.525444694352563,177,1,1,0.32903432120834486,0,0,goal_reached
71,17,flightroom_071353_q50,green_clock,green clock,17.264037622564246,144,1,1,0.43193584917732925,0,0,goal_reached
72,17,flightroom_071718_q35,yellow_handheld_cordless_drill_on_two_boxes,yellow handheld cordless drill on two boxes,-40.46279840202111,208,0,0,0.41604437032063024,0,1,collision
73,18,flightroom_071353_q95,green_clock,green clock,23.2747133133156,192,1,1,0.46420036372203594,0,0,goal_reached
74,18,flightroom_071718_q50,yellow_handheld_cordless_drill_on_two_boxes,yellow handheld cordless drill on two boxes,11.7931924033431,136,1,1,0.41671076669876433,0,0,goal_reached
75,18,flightroom_071353_q02,green_clock,green clock,16.07859969047887,164,1,1,0.28980801559838837,0,0,goal_reached
76,18,flightroom_071718_q35,yellow_handheld_cordless_drill_on_two_boxes,yellow handheld cordless drill on two boxes,-40.3442356132235,204,0,0,0.3930618050894624,0,1,collision
77,19,flightroom_071718_q70,yellow_handheld_cordless_drill_on_two_boxes,yellow handheld cordless drill on two boxes,33.96263370515214,343,1,1,0.4690807700605902,0,0,goal_reached
78,19,flightroom_071718_q03,yellow_handheld_cordless_drill_on_two_boxes,yellow handheld cordless drill on two boxes,11.214020129029244,207,1,1,0.18905742285336968,0,0,goal_reached
79,19,flightroom_071718_q95,yellow_handheld_cordless_drill_on_two_boxes,yellow handheld cordless drill on two boxes,26.158939757731133,283,1,1,0.4692079252067922,0,0,goal_reached
80,19,flightroom_071353_q95,green_clock,green clock,23.27973640389926,190,1,1,0.4563179839725278,0,0,goal_reached
81,20,flightroom_071353_q50,green_clock,green clock,17.278713182778535,143,1,1,0.4299761161963948,0,0,goal_reached
82,20,flightroom_071353_q02,green_clock,green clock,16.272006148926796,159,1,1,0.29192112620753397,0,0,goal_reached
83,20,flightroom_071718_q20,yellow_handheld_cordless_drill_on_two_boxes,yellow handheld cordless drill on two boxes,22.79697986662594,214,1,1,0.22821479709820028,0,0,goal_reached
84,20,flightroom_071353_q01,green_clock,green clock,-1.5596506931668337,670,0,0,0.3854641408805239,0,0,timeout
85,21,flightroom_071353_q95,green_clock,green clock,23.400420182927274,191,1,1,0.44047685005208015,0,0,goal_reached
86,21,flightroom_071718_q10,yellow_handheld_cordless_drill_on_two_boxes,yellow handheld cordless drill on two boxes,41.27052716273406,457,1,1,0.49356145326316464,0,0,goal_reached
87,21,flightroom_071718_q35,yellow_handheld_cordless_drill_on_two_boxes,yellow handheld cordless drill on two boxes,-39.99821516931769,207,0,0,0.3458271111994852,0,1,collision
88,21,flightroom_071718_q02,yellow_handheld_cordless_drill_on_two_boxes,yellow handheld cordless drill on two boxes,19.488057130926116,179,1,1,0.39709224636095514,0,0,goal_reached
89,22,flightroom_071718_q00,yellow_handheld_cordless_drill_on_two_boxes,yellow handheld cordless drill on two boxes,32.98345220876975,299,1,1,0.44855741701648416,0,0,goal_reached
90,22,flightroom_071353_q00,green_clock,green clock,32.13469992488443,255,1,1,0.4426398016460224,0,0,goal_reached
91,22,flightroom_071353_q02,green_clock,green clock,16.109630494746895,160,1,1,0.2900468933634955,0,0,goal_reached
92,22,flightroom_071353_q20,green_clock,green clock,12.08943801248249,355,1,1,0.15229632468182655,0,0,goal_reached
93,23,flightroom_071718_q95,yellow_handheld_cordless_drill_on_two_boxes,yellow handheld cordless drill on two boxes,26.138923861774412,267,1,1,0.4724612084908933,0,0,goal_reached
94,23,flightroom_071353_q00,green_clock,green clock,31.95850243523315,250,1,1,0.4306234206922905,0,0,goal_reached
95,23,flightroom_071718_q03,yellow_handheld_cordless_drill_on_two_boxes,yellow handheld cordless drill on two boxes,0.7791605793452439,464,1,1,0.40772504926136344,0,0,goal_reached
96,23,flightroom_071718_q01,yellow_handheld_cordless_drill_on_two_boxes,yellow handheld cordless drill on two boxes,-36.77002886357519,222,0,0,0.4719572041423731,0,1,collision
97,24,flightroom_071718_q95,yellow_handheld_cordless_drill_on_two_boxes,yellow handheld cordless drill on two boxes,35.95656385088467,554,1,1,0.49552200265872803,0,0,goal_reached
98,24,flightroom_071353_q02,green_clock,green clock,16.021596820640305,165,1,1,0.30962183940921506,0,0,goal_reached
99,24,flightroom_071353_q00,green_clock,green clock,32.14883687810504,258,1,1,0.45540324877347577,0,0,goal_reached
100,24,flightroom_071353_q03,green_clock,green clock,16.41033529629908,135,1,1,0.37648959558178424,0,0,goal_reached
101,25,flightroom_071718_q20,yellow_handheld_cordless_drill_on_two_boxes,yellow handheld cordless drill on two boxes,23.018627472477633,250,1,1,0.29909796797358523,0,0,goal_reached
102,25,flightroom_071353_q20,green_clock,green clock,23.53678570615977,456,1,1,0.22273598089998065,0,0,goal_reached
103,25,flightroom_071718_q00,yellow_handheld_cordless_drill_on_two_boxes,yellow handheld cordless drill on two boxes,2.806731067643568,670,0,0,0.5625074343715601,0,0,timeout
104,25,flightroom_071353_q50,green_clock,green clock,16.913056226888504,140,1,1,0.44686090542997403,0,0,goal_reached
105,26,flightroom_071353_q03,green_clock,green clock,16.736813095107934,135,1,1,0.3499242366297688,0,0,goal_reached
106,26,flightroom_071718_q02,yellow_handheld_cordless_drill_on_two_boxes,yellow handheld cordless drill on two boxes,20.043140085132993,188,1,1,0.4436497470054391,0,0,goal_reached
107,26,flightroom_071718_q03,yellow_handheld_cordless_drill_on_two_boxes,yellow handheld cordless drill on two boxes,9.055574988743878,275,1,1,0.2497543458948633,0,0,goal_reached
108,26,flightroom_071353_q01,green_clock,green clock,22.812953238904555,457,1,1,0.3733047457197186,0,0,goal_reached
109,27,flightroom_071353_q02,green_clock,green clock,13.43808024431064,136,1,1,0.4949246705972613,0,0,goal_reached
110,27,flightroom_071353_q10,green_clock,green clock,15.259394004601457,129,1,1,0.4242850537007833,0,0,goal_reached
111,27,flightroom_071353_q00,green_clock,green clock,31.635187666341444,252,1,1,0.4617346176908967,0,0,goal_reached
112,27,flightroom_071718_q70,yellow_handheld_cordless_drill_on_two_boxes,yellow handheld cordless drill on two boxes,10.633260414962177,670,0,0,0.5541509418674965,0,0,timeout
113,28,flightroom_071353_q02,green_clock,green clock,16.340479746551566,161,1,1,0.22492097866463856,0,0,goal_reached
114,28,flightroom_071718_q35,yellow_handheld_cordless_drill_on_two_boxes,yellow handheld cordless drill on two boxes,-40.313453942284944,206,0,0,0.4040593198565832,0,1,collision
115,28,flightroom_071353_q50,green_clock,green clock,17.219194097115537,141,1,1,0.41620214406334244,0,0,goal_reached
116,28,flightroom_071353_q35,green_clock,green clock,15.927626376564461,375,1,1,0.430801008820314,0,0,goal_reached
117,29,flightroom_071353_q01,green_clock,green clock,28.45036278883918,483,1,1,0.4051986367493392,0,0,goal_reached
118,29,flightroom_071353_q35,green_clock,green clock,14.57317856187797,332,1,1,0.36066121760101927,0,0,goal_reached
119,29,flightroom_071353_q03,green_clock,green clock,16.7307899080115,136,1,1,0.34496125457191285,0,0,goal_reached
120,29,flightroom_071718_q02,yellow_handheld_cordless_drill_on_two_boxes,yellow handheld cordless drill on two boxes,20.081675146309212,185,1,1,0.3966442371715607,0,0,goal_reached
121,30,flightroom_071718_q35,yellow_handheld_cordless_drill_on_two_boxes,yellow handheld cordless drill on two boxes,-40.933967676533044,212,0,0,0.4667950629471268,0,1,collision
122,30,flightroom_071353_q35,green_clock,green clock,17.169388483427973,321,1,1,0.3266005020331938,0,0,goal_reached
123,30,flightroom_071353_q70,green_clock,green clock,20.61077139486101,301,1,1,0.3321016435791496,0,0,goal_reached
124,30,flightroom_071718_q50,yellow_handheld_cordless_drill_on_two_boxes,yellow handheld cordless drill on two boxes,11.825937472200891,138,1,1,0.4045194730901464,0,0,goal_reached
125,31,flightroom_071718_q70,yellow_handheld_cordless_drill_on_two_boxes,yellow handheld cordless drill on two boxes,38.312347038354446,458,1,1,0.46160523100681966,0,0,goal_reached
126,31,flightroom_071353_q00,green_clock,green clock,33.876765628391304,278,1,1,0.3044967579421432,0,0,goal_reached
127,31,flightroom_071718_q50,yellow_handheld_cordless_drill_on_two_boxes,yellow handheld cordless drill on two boxes,11.981024818923965,138,1,1,0.3982296617177218,0,0,goal_reached
128,31,flightroom_071353_q70,green_clock,green clock,18.173979496631954,542,1,1,0.2962673456074321,0,0,goal_reached
129,32,flightroom_071718_q95,yellow_handheld_cordless_drill_on_two_boxes,yellow handheld cordless drill on two boxes,21.630030327734755,262,1,1,0.4243475206537106,0,0,goal_reached
130,32,flightroom_071718_q03,yellow_handheld_cordless_drill_on_two_boxes,yellow handheld cordless drill on two boxes,6.7523551480755115,300,1,1,0.4187231127107108,0,0,goal_reached
131,32,flightroom_071718_q10,yellow_handheld_cordless_drill_on_two_boxes,yellow handheld cordless drill on two boxes,30.92362141506516,344,1,1,0.4603878415885873,0,0,goal_reached
132,32,flightroom_071718_q50,yellow_handheld_cordless_drill_on_two_boxes,yellow handheld cordless drill on two boxes,11.6876774103023,136,1,1,0.39715171799169136,0,0,goal_reached
133,33,flightroom_071353_q03,green_clock,green clock,16.294222347384515,136,1,1,0.3858471400728153,0,0,goal_reached
134,33,flightroom_071718_q01,yellow_handheld_cordless_drill_on_two_boxes,yellow handheld cordless drill on two boxes,19.353946142124585,224,1,1,0.12821232105320887,0,0,goal_reached
135,33,flightroom_071353_q10,green_clock,green clock,15.774196603446864,130,1,1,0.3943539552826183,0,0,goal_reached
136,33,flightroom_071718_q50,yellow_handheld_cordless_drill_on_two_boxes,yellow handheld cordless drill on two boxes,12.108657462622652,151,1,1,0.41024609505191934,0,0,goal_reached
137,34,flightroom_071718_q03,yellow_handheld_cordless_drill_on_two_boxes,yellow handheld cordless drill on two boxes,5.875006978977512,313,1,1,0.39684241258778913,0,0,goal_reached
138,34,flightroom_071353_q10,green_clock,green clock,16.628528094449315,132,1,1,0.3296217773272431,0,0,goal_reached
139,34,flightroom_071353_q50,green_clock,green clock,17.2991662275802,145,1,1,0.4312745676337825,0,0,goal_reached
140,34,flightroom_071353_q35,green_clock,green clock,14.98285302596591,253,1,1,0.21803705638097898,0,0,goal_reached
141,35,flightroom_071718_q01,yellow_handheld_cordless_drill_on_two_boxes,yellow handheld cordless drill on two boxes,-36.43490901310502,220,0,0,0.41833297985543594,0,1,collision
142,35,flightroom_071718_q95,yellow_handheld_cordless_drill_on_two_boxes,yellow handheld cordless drill on two boxes,-11.655696344451473,670,0,0,0.5848422491406464,0,0,timeout
143,35,flightroom_071353_q20,green_clock,green clock,16.424393401177888,326,1,1,0.15430358102234887,0,0,goal_reached
144,35,flightroom_071353_q35,green_clock,green clock,18.842264559155943,302,1,1,0.3324671023132972,0,0,goal_reached
145,36,flightroom_071718_q70,yellow_handheld_cordless_drill_on_two_boxes,yellow handheld cordless drill on two boxes,30.213276998449548,311,1,1,0.44492930305416556,0,0,goal_reached
146,36,flightroom_071353_q35,green_clock,green clock,18.880673196744002,286,1,1,0.32750743328638027,0,0,goal_reached
147,36,flightroom_071353_q10,green_clock,green clock,16.31856975255066,132,1,1,0.3279332338775265,0,0,goal_reached
148,36,flightroom_071718_q00,yellow_handheld_cordless_drill_on_two_boxes,yellow handheld cordless drill on two boxes,33.66010456756063,339,1,1,0.4436591245224928,0,0,goal_reached
149,37,flightroom_071353_q50,green_clock,green clock,17.08740389477761,145,1,1,0.4484446536851427,0,0,goal_reached
150,37,flightroom_071353_q95,green_clock,green clock,23.78741958519117,191,1,1,0.37603686229007033,0,0,goal_reached
151,37,flightroom_071353_q35,green_clock,green clock,20.248496444375345,364,1,1,0.3438812267673129,0,0,goal_reached
152,37,flightroom_071718_q03,yellow_handheld_cordless_drill_on_two_boxes,yellow handheld cordless drill on two boxes,11.989906396077448,261,1,1,0.1877322013124771,0,0,goal_reached
153,38,flightroom_071718_q95,yellow_handheld_cordless_drill_on_two_boxes,yellow handheld cordless drill on two boxes,19.61735212594269,175,1,1,0.4572073876879815,0,0,goal_reached
154,38,flightroom_071718_q35,yellow_handheld_cordless_drill_on_two_boxes,yellow handheld cordless drill on two boxes,-39.91953500841067,207,0,0,0.3605546610607276,0,1,collision
155,38,flightroom_071353_q01,green_clock,green clock,31.007151458867504,408,1,1,0.3664148061251501,0,0,goal_reached
156,38,flightroom_071718_q10,yellow_handheld_cordless_drill_on_two_boxes,yellow handheld cordless drill on two boxes,29.379707860876948,247,1,1,0.4776121669829026,0,0,goal_reached
157,39,flightroom_071353_q50,green_clock,green clock,16.815981966570128,143,1,1,0.4582398731585667,0,0,goal_reached
158,39,flightroom_071718_q70,yellow_handheld_cordless_drill_on_two_boxes,yellow handheld cordless drill on two boxes,32.359190636577694,326,1,1,0.4581380451614062,0,0,goal_reached
159,39,flightroom_071353_q10,green_clock,green clock,16.84530508014134,130,1,1,0.25527509016308164,0,0,goal_reached
160,39,flightroom_071353_q35,green_clock,green clock,15.329634023688843,281,1,1,0.22299066033413484,0,0,goal_reached
161,40,flightroom_071353_q00,green_clock,green clock,31.49478187828971,253,1,1,0.4819388654178917,0,0,goal_reached
162,40,flightroom_071353_q10,green_clock,green clock,16.58062267817446,130,1,1,0.2805525284946628,0,0,goal_reached
163,40,flightroom_071353_q70,green_clock,green clock,20.269692843453395,313,1,1,0.26072069065752024,0,0,goal_reached
164,40,flightroom_071718_q95,yellow_handheld_cordless_drill_on_two_boxes,yellow handheld cordless drill on two boxes,25.311533549526878,300,1,1,0.4817042024382759,0,0,goal_reached
165,41,flightroom_071353_q70,green_clock,green clock,22.4993422179226,322,1,1,0.38681145229221403,0,0,goal_reached
166,41,flightroom_071718_q01,yellow_handheld_cordless_drill_on_two_boxes,yellow handheld cordless drill on two boxes,-35.59110937256582,224,0,0,0.3707698047245591,0,1,collision
167,41,flightroom_071718_q95,yellow_handheld_cordless_drill_on_two_boxes,yellow handheld cordless drill on two boxes,19.47128930873412,176,1,1,0.48652860432551226,0,0,goal_reached
168,41,flightroom_071353_q10,green_clock,green clock,16.59750875213095,129,1,1,0.32519404987827005,0,0,goal_reached
169,42,flightroom_071718_q00,yellow_handheld_cordless_drill_on_two_boxes,yellow handheld cordless drill on two boxes,33.03539545917725,319,1,1,0.47403763132297594,0,0,goal_reached
170,42,flightroom_071353_q02,green_clock,green clock,16.518585796640842,175,1,1,0.22834179889178052,0,0,goal_reached
171,42,flightroom_071718_q03,yellow_handheld_cordless_drill_on_two_boxes,yellow handheld cordless drill on two boxes,11.604324016447663,279,1,1,0.2843939241290815,0,0,goal_reached
172,42,flightroom_071353_q00,green_clock,green clock,31.462885783741307,246,1,1,0.45160857803700216,0,0,goal_reached
173,43,flightroom_071353_q70,green_clock,green clock,18.718736073411083,234,1,1,0.4278644889142148,0,0,goal_reached
174,43,flightroom_071718_q03,yellow_handheld_cordless_drill_on_two_boxes,yellow handheld cordless drill on two boxes,9.134054967552615,292,1,1,0.3283105630598185,0,0,goal_reached
175,43,flightroom_071718_q20,yellow_handheld_cordless_drill_on_two_boxes,yellow handheld cordless drill on two boxes,24.250188356743113,207,1,1,0.18001160249773168,0,0,goal_reached
176,43,flightroom_071718_q95,yellow_handheld_cordless_drill_on_two_boxes,yellow handheld cordless drill on two boxes,24.296050083206353,256,1,1,0.4345844514144263,0,0,goal_reached
177,44,flightroom_071718_q50,yellow_handheld_cordless_drill_on_two_boxes,yellow handheld cordless drill on two boxes,11.761770862274407,133,1,1,0.34688506434684824,0,0,goal_reached
178,44,flightroom_071718_q03,yellow_handheld_cordless_drill_on_two_boxes,yellow handheld cordless drill on two boxes,10.996748956453935,196,1,1,0.37189823010508416,0,0,goal_reached
179,44,flightroom_071353_q00,green_clock,green clock,32.03300923457722,252,1,1,0.4345983227161129,0,0,goal_reached
180,44,flightroom_071353_q70,green_clock,green clock,-11.843786048621457,670,0,0,0.5439724591222184,0,0,timeout
181,45,flightroom_071353_q70,green_clock,green clock,19.931240324445803,261,1,1,0.45636607910681454,0,0,goal_reached
182,45,flightroom_071718_q03,yellow_handheld_cordless_drill_on_two_boxes,yellow handheld cordless drill on two boxes,6.3085920035435565,331,1,1,0.4241362611756504,0,0,goal_reached
183,45,flightroom_071718_q00,yellow_handheld_cordless_drill_on_two_boxes,yellow handheld cordless drill on two boxes,30.55888587382189,270,1,1,0.48312723736714613,0,0,goal_reached
184,45,flightroom_071353_q01,green_clock,green clock,28.45438433597994,442,1,1,0.3761323984523428,0,0,goal_reached
185,46,flightroom_071718_q02,yellow_handheld_cordless_drill_on_two_boxes,yellow handheld cordless drill on two boxes,19.844673500405893,182,1,1,0.40804990255503054,0,0,goal_reached
186,46,flightroom_071718_q10,yellow_handheld_cordless_drill_on_two_boxes,yellow handheld cordless drill on two boxes,28.830519266191807,242,1,1,0.4959783647494152,0,0,goal_reached
187,46,flightroom_071718_q95,yellow_handheld_cordless_drill_on_two_boxes,yellow handheld cordless drill on two boxes,19.474690098925564,175,1,1,0.4989105502475565,0,0,goal_reached
188,46,flightroom_071718_q20,yellow_handheld_cordless_drill_on_two_boxes,yellow handheld cordless drill on two boxes,6.976730267579917,670,0,0,0.8860857970234786,0,0,timeout
189,47,flightroom_071353_q00,green_clock,green clock,32.56997992973956,260,1,1,0.3389969567399596,0,0,goal_reached
190,47,flightroom_071718_q01,yellow_handheld_cordless_drill_on_two_boxes,yellow handheld cordless drill on two boxes,20.384685997149298,212,1,1,0.2063399439712723,0,0,goal_reached
191,47,flightroom_071353_q01,green_clock,green clock,26.005509249978005,337,1,1,0.32081188106782127,0,0,goal_reached
192,47,flightroom_071353_q35,green_clock,green clock,22.791747318353863,387,1,1,0.4480393466784917,0,0,goal_reached
193,48,flightroom_071353_q70,green_clock,green clock,1.6640451008836474,473,1,1,0.4069240703547657,0,0,goal_reached
194,48,flightroom_071718_q95,yellow_handheld_cordless_drill_on_two_boxes,yellow handheld cordless drill on two boxes,19.865521313379226,175,1,1,0.4424903759365286,0,0,goal_reached
195,48,flightroom_071353_q50,green_clock,green clock,17.573204101029624,145,1,1,0.4350085532086854,0,0,goal_reached
196,48,flightroom_071353_q02,green_clock,green clock,16.50775586754531,170,1,1,0.197186446600075,0,0,goal_reached
197,49,flightroom_071353_q70,green_clock,green clock,19.051947862240375,296,1,1,0.2627055800231328,0,0,goal_reached
198,49,flightroom_071353_q35,green_clock,green clock,17.476588316862372,282,1,1,0.3438112754907294,0,0,goal_reached
199,49,flightroom_071718_q95,yellow_handheld_cordless_drill_on_two_boxes,yellow handheld cordless drill on two boxes,30.524040904523893,378,1,1,0.4879945775430611,0,0,goal_reached
200,49,flightroom_071353_q20,green_clock,green clock,7.596160205884396,424,1,1,0.09603720779795766,0,0,goal_reached
201,50,flightroom_071718_q20,yellow_handheld_cordless_drill_on_two_boxes,yellow handheld cordless drill on two boxes,-16.894439225401655,670,0,0,1.5455562235830689,0,0,timeout
202,50,flightroom_071718_q95,yellow_handheld_cordless_drill_on_two_boxes,yellow handheld cordless drill on two boxes,23.31183243322163,236,1,1,0.43695641274216873,0,0,goal_reached
203,50,flightroom_071718_q50,yellow_handheld_cordless_drill_on_two_boxes,yellow handheld cordless drill on two boxes,12.20827068843166,128,1,1,0.32184475554708386,0,0,goal_reached
204,50,flightroom_071718_q00,yellow_handheld_cordless_drill_on_two_boxes,yellow handheld cordless drill on two boxes,31.576571304965313,273,1,1,0.4439578388773868,0,0,goal_reached
205,51,flightroom_071718_q02,yellow_handheld_cordless_drill_on_two_boxes,yellow handheld cordless drill on two boxes,19.773965653264554,183,1,1,0.43338070632088727,0,0,goal_reached
206,51,flightroom_071718_q10,yellow_handheld_cordless_drill_on_two_boxes,yellow handheld cordless drill on two boxes,29.223914129993943,243,1,1,0.4628758112235825,0,0,goal_reached
207,51,flightroom_071718_q03,yellow_handheld_cordless_drill_on_two_boxes,yellow handheld cordless drill on two boxes,14.883846262353693,247,1,1,0.1051906370161028,0,0,goal_reached
208,51,flightroom_071718_q20,yellow_handheld_cordless_drill_on_two_boxes,yellow handheld cordless drill on two boxes,-9.694612171508796,670,0,0,1.7412802784482928,0,0,timeout
209,52,flightroom_071353_q20,green_clock,green clock,23.275297652021237,308,1,1,0.2809894503056594,0,0,goal_reached
210,52,flightroom_071353_q35,green_clock,green clock,19.35372073693137,279,1,1,0.3250754813069413,0,0,goal_reached
211,52,flightroom_071718_q35,yellow_handheld_cordless_drill_on_two_boxes,yellow handheld cordless drill on two boxes,-40.169828927924584,196,0,0,0.3694999679260681,0,1,collision
212,52,flightroom_071353_q00,green_clock,green clock,31.36481747894052,245,1,1,0.4484331795405112,0,0,goal_reached
213,53,flightroom_071353_q03,green_clock,green clock,16.368162397379308,136,1,1,0.40730899589632297,0,0,goal_reached
214,53,flightroom_071718_q20,yellow_handheld_cordless_drill_on_two_boxes,yellow handheld cordless drill on two boxes,9.556460900922577,670,0,0,0.8468088926375203,0,0,timeout
215,53,flightroom_071353_q50,green_clock,green clock,17.83989147085418,147,1,1,0.3945670558947179,0,0,goal_reached
216,53,flightroom_071353_q02,green_clock,green clock,16.335932959304092,162,1,1,0.27466922082254575,0,0,goal_reached
217,54,flightroom_071353_q03,green_clock,green clock,16.03990328754449,135,1,1,0.4192382190833408,0,0,goal_reached
218,54,flightroom_071718_q35,yellow_handheld_cordless_drill_on_two_boxes,yellow handheld cordless drill on two boxes,-39.678344311534985,201,0,0,0.3025270446144661,0,1,collision
219,54,flightroom_071718_q50,yellow_handheld_cordless_drill_on_two_boxes,yellow handheld cordless drill on two boxes,13.502068151186217,170,1,1,0.4171777572425667,0,0,goal_reached
220,54,flightroom_071718_q02,yellow_handheld_cordless_drill_on_two_boxes,yellow handheld cordless drill on two boxes,19.48889783625556,181,1,1,0.4363571612863966,0,0,goal_reached
221,55,flightroom_071718_q10,yellow_handheld_cordless_drill_on_two_boxes,yellow handheld cordless drill on two boxes,29.338843124129315,245,1,1,0.45357139745205943,0,0,goal_reached
222,55,flightroom_071353_q10,green_clock,green clock,16.14362159139257,129,1,1,0.3611077890023801,0,0,goal_reached
223,55,flightroom_071353_q95,green_clock,green clock,23.62483408223645,193,1,1,0.4491346582452807,0,0,goal_reached
224,55,flightroom_071353_q00,green_clock,green clock,31.739278931939044,251,1,1,0.44007182008619555,0,0,goal_reached
225,56,flightroom_071353_q00,green_clock,green clock,32.248054881603565,250,1,1,0.39844821740146236,0,0,goal_reached
226,56,flightroom_071353_q02,green_clock,green clock,16.335011513668622,159,1,1,0.24420534491473225,0,0,goal_reached
227,56,flightroom_071718_q01,yellow_handheld_cordless_drill_on_two_boxes,yellow handheld cordless drill on two boxes,20.281307700898807,217,1,1,0.0997913853117636,0,0,goal_reached
228,56,flightroom_071718_q70,yellow_handheld_cordless_drill_on_two_boxes,yellow handheld cordless drill on two boxes,35.371283639104014,391,1,1,0.45517073543655273,0,0,goal_reached
229,57,flightroom_071353_q70,green_clock,green clock,20.04704097059278,258,1,1,0.41156868940450886,0,0,goal_reached
230,57,flightroom_071353_q00,green_clock,green clock,31.765466484931995,251,1,1,0.46120255798141185,0,0,goal_reached
231,57,flightroom_071718_q35,yellow_handheld_cordless_drill_on_two_boxes,yellow handheld cordless drill on two boxes,10.11127974680436,393,1,1,0.2854913135796649,0,0,goal_reached
232,57,flightroom_071353_q10,green_clock,green clock,16.318514218206033,127,1,1,0.3811070028654233,0,0,goal_reached
233,58,flightroom_071718_q70,yellow_handheld_cordless_drill_on_two_boxes,yellow handheld cordless drill on two boxes,36.81438654092926,365,1,1,0.46769087771821494,0,0,goal_reached
234,58,flightroom_071718_q95,yellow_handheld_cordless_drill_on_two_boxes,yellow handheld cordless drill on two boxes,31.41728920850345,358,1,1,0.469417984166405,0,0,goal_reached
235,58,flightroom_071353_q70,green_clock,green clock,19.95459461325865,290,1,1,0.3268065669839612,0,0,goal_reached
236,58,flightroom_071718_q00,yellow_handheld_cordless_drill_on_two_boxes,yellow handheld cordless drill on two boxes,31.10065348494009,274,1,1,0.460724544520005,0,0,goal_reached
237,59,flightroom_071718_q35,yellow_handheld_cordless_drill_on_two_boxes,yellow handheld cordless drill on two boxes,11.527018833462066,332,1,1,0.2538351874837419,0,0,goal_reached
238,59,flightroom_071353_q95,green_clock,green clock,23.399783980845044,190,1,1,0.4381462110547819,0,0,goal_reached
239,59,flightroom_071718_q50,yellow_handheld_cordless_drill_on_two_boxes,yellow handheld cordless drill on two boxes,12.211658179655558,129,1,1,0.309042220369723,0,0,goal_reached
240,59,flightroom_071718_q70,yellow_handheld_cordless_drill_on_two_boxes,yellow handheld cordless drill on two boxes,32.518889505982706,293,1,1,0.4595407258438474,0,0,goal_reached
241,60,flightroom_071718_q01,yellow_handheld_cordless_drill_on_two_boxes,yellow handheld cordless drill on two boxes,-36.38699898044422,166,0,0,0.662455171455583,0,1,collision
242,60,flightroom_071718_q50,yellow_handheld_cordless_drill_on_two_boxes,yellow handheld cordless drill on two boxes,12.006361382516438,155,1,1,0.4324509671149646,0,0,goal_reached
243,60,flightroom_071718_q70,yellow_handheld_cordless_drill_on_two_boxes,yellow handheld cordless drill on two boxes,37.60030786776312,398,1,1,0.4622731075623848,0,0,goal_reached
244,60,flightroom_071718_q03,yellow_handheld_cordless_drill_on_two_boxes,yellow handheld cordless drill on two boxes,7.486519833433707,382,1,1,0.42688481514449306,0,0,goal_reached
245,61,flightroom_071353_q20,green_clock,green clock,9.764255289773917,410,1,1,0.38064146598442833,0,0,goal_reached
246,61,flightroom_071353_q70,green_clock,green clock,17.59892810859204,247,1,1,0.3520449332878828,0,0,goal_reached
247,61,flightroom_071718_q50,yellow_handheld_cordless_drill_on_two_boxes,yellow handheld cordless drill on two boxes,12.098681376747193,128,1,1,0.31883706361997,0,0,goal_reached
248,61,flightroom_071353_q35,green_clock,green clock,-24.828440945591538,670,0,0,1.1236562194054112,0,0,timeout
249,62,flightroom_071718_q01,yellow_handheld_cordless_drill_on_two_boxes,yellow handheld cordless drill on two boxes,-36.01804588427287,157,0,0,0.4059853992447683,0,1,collision
250,62,flightroom_071353_q00,green_clock,green clock,32.281602542151184,263,1,1,0.3483079260862924,0,0,goal_reached
251,62,flightroom_071353_q70,green_clock,green clock,17.593979324624748,207,1,1,0.43019503115172636,0,0,goal_reached
252,62,flightroom_071353_q01,green_clock,green clock,27.81317913401087,354,1,1,0.3496498515706338,0,0,goal_reached
253,63,flightroom_071353_q95,green_clock,green clock,23.786096828713976,197,1,1,0.45343489421782696,0,0,goal_reached
254,63,flightroom_071718_q01,yellow_handheld_cordless_drill_on_two_boxes,yellow handheld cordless drill on two boxes,-37.03596908449049,217,0,0,0.4619782430120488,0,1,collision
255,63,flightroom_071718_q95,yellow_handheld_cordless_drill_on_two_boxes,yellow handheld cordless drill on two boxes,29.394083596838733,315,1,1,0.4526100936655279,0,0,goal_reached
256,63,flightroom_071718_q03,yellow_handheld_cordless_drill_on_two_boxes,yellow handheld cordless drill on two boxes,11.345153476926441,218,1,1,0.2524517104657608,0,0,goal_reached
257,64,flightroom_071718_q95,yellow_handheld_cordless_drill_on_two_boxes,yellow handheld cordless drill on two boxes,19.401452620341907,271,1,1,0.47835639040104555,0,0,goal_reached
258,64,flightroom_071353_q35,green_clock,green clock,17.16792286288406,276,1,1,0.3541576396228126,0,0,goal_reached
259,64,flightroom_071718_q35,yellow_handheld_cordless_drill_on_two_boxes,yellow handheld cordless drill on two boxes,-39.98996431044083,208,0,0,0.37782793575602996,0,1,collision
260,64,flightroom_071718_q02,yellow_handheld_cordless_drill_on_two_boxes,yellow handheld cordless drill on two boxes,19.290005756077182,181,1,1,0.4286556306412838,0,0,goal_reached
261,65,flightroom_071718_q70,yellow_handheld_cordless_drill_on_two_boxes,yellow handheld cordless drill on two boxes,32.94806023880192,296,1,1,0.44837487125982073,0,0,goal_reached
262,65,flightroom_071353_q70,green_clock,green clock,17.658589918023928,221,1,1,0.3747081674012007,0,0,goal_reached
263,65,flightroom_071718_q01,yellow_handheld_cordless_drill_on_two_boxes,yellow handheld cordless drill on two boxes,-37.64930123968676,221,0,0,0.48237402433499577,0,1,collision
264,65,flightroom_071718_q10,yellow_handheld_cordless_drill_on_two_boxes,yellow handheld cordless drill on two boxes,29.244928246199805,245,1,1,0.49602342272667155,0,0,goal_reached
265,66,flightroom_071718_q03,yellow_handheld_cordless_drill_on_two_boxes,yellow handheld cordless drill on two boxes,7.411196197870713,425,1,1,0.4419849400535207,0,0,goal_reached
266,66,flightroom_071718_q35,yellow_handheld_cordless_drill_on_two_boxes,yellow handheld cordless drill on two boxes,-40.45337054723691,222,0,0,0.45258690547460956,0,1,collision
267,66,flightroom_071353_q01,green_clock,green clock,-2.4085940104246006,670,0,0,0.2148357637779284,0,0,timeout
268,66,flightroom_071353_q10,green_clock,green clock,15.869715545185581,126,1,1,0.3743783414787141,0,0,goal_reached
269,67,flightroom_071353_q50,green_clock,green clock,19.017081479490713,169,1,1,0.30157069985823637,0,0,goal_reached
270,67,flightroom_071718_q00,yellow_handheld_cordless_drill_on_two_boxes,yellow handheld cordless drill on two boxes,31.351031666382312,278,1,1,0.48364045731534416,0,0,goal_reached
271,67,flightroom_071353_q03,green_clock,green clock,16.32492956492842,136,1,1,0.37393124117978704,0,0,goal_reached
272,67,flightroom_071718_q10,yellow_handheld_cordless_drill_on_two_boxes,yellow handheld cordless drill on two boxes,29.955740918677684,250,1,1,0.44297316406546766,0,0,goal_reached
273,68,flightroom_071718_q95,yellow_handheld_cordless_drill_on_two_boxes,yellow handheld cordless drill on two boxes,23.089803148110136,328,1,1,0.46856887418084037,0,0,goal_reached
274,68,flightroom_071718_q50,yellow_handheld_cordless_drill_on_two_boxes,yellow handheld cordless drill on two boxes,12.008607667066375,145,1,1,0.4074842919560579,0,0,goal_reached
275,68,flightroom_071718_q01,yellow_handheld_cordless_drill_on_two_boxes,yellow handheld cordless drill on two boxes,-36.465352757345954,212,0,0,0.3719053606969674,0,1,collision
276,68,flightroom_071353_q95,green_clock,green clock,24.84593502160765,208,1,1,0.27649913828668404,0,0,goal_reached
277,69,flightroom_071353_q02,green_clock,green clock,16.685917710089228,167,1,1,0.31168749410951874,0,0,goal_reached
278,69,flightroom_071353_q70,green_clock,green clock,18.929290044775218,491,1,1,0.39340120477471663,0,0,goal_reached
279,69,flightroom_071353_q01,green_clock,green clock,27.308786518190992,346,1,1,0.3708012724237929,0,0,goal_reached
280,69,flightroom_071718_q10,yellow_handheld_cordless_drill_on_two_boxes,yellow handheld cordless drill on two boxes,30.366505010259008,248,1,1,0.4221827664050107,0,0,goal_reached
281,70,flightroom_071718_q35,yellow_handheld_cordless_drill_on_two_boxes,yellow handheld cordless drill on two boxes,-39.665322858727066,208,0,0,0.31926983939534137,0,1,collision
282,70,flightroom_071718_q10,yellow_handheld_cordless_drill_on_two_boxes,yellow handheld cordless drill on two boxes,30.651032255558565,267,1,1,0.45610731149703737,0,0,goal_reached
283,70,flightroom_071353_q00,green_clock,green clock,32.85895229727716,260,1,1,0.33663552927707585,0,0,goal_reached
284,70,flightroom_071353_q20,green_clock,green clock,-33.6532733793278,670,0,0,1.6980147359454199,0,0,timeout
285,71,flightroom_071353_q95,green_clock,green clock,24.17345247469596,193,1,1,0.3859376392225457,0,0,goal_reached
286,71,flightroom_071718_q01,yellow_handheld_cordless_drill_on_two_boxes,yellow handheld cordless drill on two boxes,-36.55515937641587,215,0,0,0.43129254624700863,0,1,collision
287,71,flightroom_071353_q50,green_clock,green clock,17.14470056812751,146,1,1,0.4582051753445869,0,0,goal_reached
288,71,flightroom_071353_q03,green_clock,green clock,16.329358296288156,136,1,1,0.36938899017473864,0,0,goal_reached
289,72,flightroom_071353_q95,green_clock,green clock,23.62715172769687,195,1,1,0.45687711814194,0,0,goal_reached
290,72,flightroom_071353_q02,green_clock,green clock,16.042852600681062,161,1,1,0.3053641961714728,0,0,goal_reached
291,72,flightroom_071718_q03,yellow_handheld_cordless_drill_on_two_boxes,yellow handheld cordless drill on two boxes,9.482985445488932,288,1,1,0.2415104860465158,0,0,goal_reached
292,72,flightroom_071353_q20,green_clock,green clock,12.093175693440106,344,1,1,0.27178034837968734,0,0,goal_reached
293,73,flightroom_071353_q02,green_clock,green clock,16.394194258289716,164,1,1,0.2572732595183491,0,0,goal_reached
294,73,flightroom_071718_q95,yellow_handheld_cordless_drill_on_two_boxes,yellow handheld cordless drill on two boxes,22.87256585949771,219,1,1,0.460472996935646,0,0,goal_reached
295,73,flightroom_071353_q95,green_clock,green clock,23.41568369200349,191,1,1,0.4457032792530266,0,0,goal_reached
296,73,flightroom_071718_q50,yellow_handheld_cordless_drill_on_two_boxes,yellow handheld cordless drill on two boxes,12.220436757995492,140,1,1,0.3055833790291649,0,0,goal_reached
297,74,flightroom_071353_q03,green_clock,green clock,16.47327853771199,139,1,1,0.36511617931023854,0,0,goal_reached
298,74,flightroom_071353_q50,green_clock,green clock,17.02312963452284,147,1,1,0.46189931206817886,0,0,goal_reached
299,74,flightroom_071718_q03,yellow_handheld_cordless_drill_on_two_boxes,yellow handheld cordless drill on two boxes,-54.51313651302773,231,0,0,1.2721291462580133,0,1,collision
300,74,flightroom_071718_q95,yellow_handheld_cordless_drill_on_two_boxes,yellow handheld cordless drill on two boxes,24.361254354772704,238,1,1,0.46931818227326205,0,0,goal_reached
301,75,flightroom_071718_q03,yellow_handheld_cordless_drill_on_two_boxes,yellow handheld cordless drill on two boxes,4.454662247855527,578,1,1,0.39430499261454305,0,0,goal_reached
302,75,flightroom_071353_q70,green_clock,green clock,-21.723040930012743,670,0,0,0.9732452064098689,0,0,timeout
303,75,flightroom_071718_q95,yellow_handheld_cordless_drill_on_two_boxes,yellow handheld cordless drill on two boxes,23.804728382536727,255,1,1,0.4610841453911728,0,0,goal_reached
304,75,flightroom_071718_q01,yellow_handheld_cordless_drill_on_two_boxes,yellow handheld cordless drill on two boxes,-36.501070985869404,147,0,0,0.40720392282471385,0,1,collision
305,76,flightroom_071718_q01,yellow_handheld_cordless_drill_on_two_boxes,yellow handheld cordless drill on two boxes,-36.83907482261582,212,0,0,0.3599573111239234,0,1,collision
306,76,flightroom_071718_q03,yellow_handheld_cordless_drill_on_two_boxes,yellow handheld cordless drill on two boxes,10.4114422499126,240,1,1,0.29087127201105384,0,0,goal_reached
307,76,flightroom_071353_q95,green_clock,green clock,23.75639543865462,192,1,1,0.41732708084047837,0,0,goal_reached
308,76,flightroom_071718_q95,yellow_handheld_cordless_drill_on_two_boxes,yellow handheld cordless drill on two boxes,26.312479255304964,287,1,1,0.46742447096491563,0,0,goal_reached
309,77,flightroom_071353_q02,green_clock,green clock,16.401970636417232,167,1,1,0.23229076214535077,0,0,goal_reached
310,77,flightroom_071353_q95,green_clock,green clock,24.200971453485266,193,1,1,0.38838722131387615,0,0,goal_reached
311,77,flightroom_071718_q10,yellow_handheld_cordless_drill_on_two_boxes,yellow handheld cordless drill on two boxes,29.67594037087446,243,1,1,0.4733272305412979,0,0,goal_reached
312,77,flightroom_071353_q35,green_clock,green clock,6.6417183487969496,613,1,1,0.2703555463102531,0,0,goal_reached
313,78,flightroom_071718_q50,yellow_handheld_cordless_drill_on_two_boxes,yellow handheld cordless drill on two boxes,12.532797989755336,141,1,1,0.26565259750571046,0,0,goal_reached
314,78,flightroom_071718_q70,yellow_handheld_cordless_drill_on_two_boxes,yellow handheld cordless drill on two boxes,30.641871653786662,308,1,1,0.4638852099415394,0,0,goal_reached
315,78,flightroom_071353_q20,green_clock,green clock,12.895101978060465,336,1,1,0.2610410080722748,0,0,goal_reached
316,78,flightroom_071718_q10,yellow_handheld_cordless_drill_on_two_boxes,yellow handheld cordless drill on two boxes,29.423820413426203,244,1,1,0.4584338029732319,0,0,goal_reached
317,79,flightroom_071353_q50,green_clock,green clock,17.054051400429557,146,1,1,0.4741663462620268,0,0,goal_reached
318,79,flightroom_071353_q95,green_clock,green clock,23.883820402328077,192,1,1,0.40565800634025617,0,0,goal_reached
319,79,flightroom_071353_q01,green_clock,green clock,27.478380771215654,346,1,1,0.3940850773204416,0,0,goal_reached
320,79,flightroom_071718_q70,yellow_handheld_cordless_drill_on_two_boxes,yellow handheld cordless drill on two boxes,33.14184885274556,314,1,1,0.4540109619014967,0,0,goal_reached
321,80,flightroom_071718_q03,yellow_handheld_cordless_drill_on_two_boxes,yellow handheld cordless drill on two boxes,8.66610676308451,267,1,1,0.30099237839238974,0,0,goal_reached
322,80,flightroom_071353_q35,green_clock,green clock,16.69574011811286,254,1,1,0.3370722903792153,0,0,goal_reached
323,80,flightroom_071718_q20,yellow_handheld_cordless_drill_on_two_boxes,yellow handheld cordless drill on two boxes,-35.8137953028493,670,0,0,1.7399908430913642,0,0,timeout
324,80,flightroom_071718_q95,yellow_handheld_cordless_drill_on_two_boxes,yellow handheld cordless drill on two boxes,25.768607217846615,266,1,1,0.447071621060014,0,0,goal_reached
325,81,flightroom_071718_q03,yellow_handheld_cordless_drill_on_two_boxes,yellow handheld cordless drill on two boxes,9.495314439323414,269,1,1,0.3476528895222046,0,0,goal_reached
326,81,flightroom_071353_q70,green_clock,green clock,-21.605766887839117,670,0,0,1.1441851033416268,0,0,timeout
327,81,flightroom_071353_q10,green_clock,green clock,15.362580552830138,129,1,1,0.48109937070099956,0,0,goal_reached
328,81,flightroom_071718_q50,yellow_handheld_cordless_drill_on_two_boxes,yellow handheld cordless drill on two boxes,11.825284495089576,142,1,1,0.3879383523782928,0,0,goal_reached
329,82,flightroom_071353_q01,green_clock,green clock,28.33245795895259,403,1,1,0.40315090782071494,0,0,goal_reached
330,82,flightroom_071718_q00,yellow_handheld_cordless_drill_on_two_boxes,yellow handheld cordless drill on two boxes,41.67834367425633,503,1,1,0.4808416104691208,0,0,goal_reached
331,82,flightroom_071718_q70,yellow_handheld_cordless_drill_on_two_boxes,yellow handheld cordless drill on two boxes,37.24840625362783,369,1,1,0.4549788172524168,0,0,goal_reached
332,82,flightroom_071353_q00,green_clock,green clock,32.71732006904909,246,1,1,0.2533639819447521,0,0,goal_reached
333,83,flightroom_071353_q10,green_clock,green clock,15.369070682670014,128,1,1,0.4625222956600046,0,0,goal_reached
334,83,flightroom_071718_q03,yellow_handheld_cordless_drill_on_two_boxes,yellow handheld cordless drill on two boxes,10.151852520829255,230,1,1,0.35466118352195775,0,0,goal_reached
335,83,flightroom_071353_q01,green_clock,green clock,24.956950658251703,337,1,1,0.2927823646283168,0,0,goal_reached
336,83,flightroom_071718_q01,yellow_handheld_cordless_drill_on_two_boxes,yellow handheld cordless drill on two boxes,-36.337525963695185,209,0,0,0.316197931260542,0,1,collision
337,84,flightroom_071353_q02,green_clock,green clock,16.31108913316858,165,1,1,0.22782645919338868,0,0,goal_reached
338,84,flightroom_071718_q95,yellow_handheld_cordless_drill_on_two_boxes,yellow handheld cordless drill on two boxes,23.94475213346264,269,1,1,0.45667954980275477,0,0,goal_reached
339,84,flightroom_071353_q95,green_clock,green clock,23.894927850334,185,1,1,0.2885707469707667,0,0,goal_reached
340,84,flightroom_071353_q50,green_clock,green clock,18.897092533549504,161,1,1,0.2983368787897759,0,0,goal_reached
341,85,flightroom_071353_q35,green_clock,green clock,18.092151987397052,257,1,1,0.32691904599598526,0,0,goal_reached
342,85,flightroom_071718_q70,yellow_handheld_cordless_drill_on_two_boxes,yellow handheld cordless drill on two boxes,27.800591476924325,239,1,1,0.4864823681077861,0,0,goal_reached
343,85,flightroom_071718_q20,yellow_handheld_cordless_drill_on_two_boxes,yellow handheld cordless drill on two boxes,-39.63049169143633,670,0,0,1.8207573140814126,0,0,timeout
344,85,flightroom_071718_q00,yellow_handheld_cordless_drill_on_two_boxes,yellow handheld cordless drill on two boxes,31.596152195581972,278,1,1,0.4729806612021291,0,0,goal_reached
345,86,flightroom_071718_q10,yellow_handheld_cordless_drill_on_two_boxes,yellow handheld cordless drill on two boxes,37.52420872370621,385,1,1,0.48344429311319936,0,0,goal_reached
346,86,flightroom_071353_q03,green_clock,green clock,16.38209615991934,134,1,1,0.32709577284538677,0,0,goal_reached
347,86,flightroom_071353_q10,green_clock,green clock,16.04921672276576,125,1,1,0.35753138757129066,0,0,goal_reached
348,86,flightroom_071353_q20,green_clock,green clock,13.024949092819838,353,1,1,0.256371345798081,0,0,goal_reached
349,87,flightroom_071353_q70,green_clock,green clock,19.761883404103788,313,1,1,0.2790630062670225,0,0,goal_reached
350,87,flightroom_071718_q00,yellow_handheld_cordless_drill_on_two_boxes,yellow handheld cordless drill on two boxes,31.292207956866076,276,1,1,0.47228549282580795,0,0,goal_reached
351,87,flightroom_071353_q20,green_clock,green clock,12.716253797573007,336,1,1,0.19851170878446137,0,0,goal_reached
352,87,flightroom_071718_q03,yellow_handheld_cordless_drill_on_two_boxes,yellow handheld cordless drill on two boxes,8.6278659462163,285,1,1,0.2630031698079766,0,0,goal_reached
353,88,flightroom_071353_q01,green_clock,green clock,28.21934802274107,658,1,1,0.40617022968943356,0,0,goal_reached
354,88,flightroom_071353_q50,green_clock,green clock,17.77397768357399,145,1,1,0.379854885867111,0,0,goal_reached
355,88,flightroom_071353_q03,green_clock,green clock,16.561774230138695,135,1,1,0.3101704867978605,0,0,goal_reached
356,88,flightroom_071718_q50,yellow_handheld_cordless_drill_on_two_boxes,yellow handheld cordless drill on two boxes,12.569941236703519,129,1,1,0.2515890693092118,0,0,goal_reached
357,89,flightroom_071353_q95,green_clock,green clock,23.472610598131105,187,1,1,0.42559057232100916,0,0,goal_reached
358,89,flightroom_071353_q02,green_clock,green clock,16.179440418522763,167,1,1,0.2319609538881402,0,0,goal_reached
359,89,flightroom_071353_q35,green_clock,green clock,19.721478285705352,307,1,1,0.43508102703228385,0,0,goal_reached
360,89,flightroom_071718_q10,yellow_handheld_cordless_drill_on_two_boxes,yellow handheld cordless drill on two boxes,32.86244287195616,337,1,1,0.4948448866141197,0,0,goal_reached
361,90,flightroom_071353_q10,green_clock,green clock,16.233298325526558,130,1,1,0.3964369601697488,0,0,goal_reached
362,90,flightroom_071718_q00,yellow_handheld_cordless_drill_on_two_boxes,yellow handheld cordless drill on two boxes,32.206582971442685,280,1,1,0.4302476676697645,0,0,goal_reached
363,90,flightroom_071718_q03,yellow_handheld_cordless_drill_on_two_boxes,yellow handheld cordless drill on two boxes,-33.8740708873863,670,0,0,1.0638480734629856,0,0,timeout
364,90,flightroom_071353_q50,green_clock,green clock,16.842316057380305,145,1,1,0.45238694588317435,0,0,goal_reached
365,91,flightroom_071353_q00,green_clock,green clock,32.65567975447077,257,1,1,0.36150007108589166,0,0,goal_reached
366,91,flightroom_071718_q03,yellow_handheld_cordless_drill_on_two_boxes,yellow handheld cordless drill on two boxes,11.037923999326138,628,1,1,0.4270920372210859,0,0,goal_reached
367,91,flightroom_071718_q02,yellow_handheld_cordless_drill_on_two_boxes,yellow handheld cordless drill on two boxes,19.49969994042243,180,1,1,0.44789196879752835,0,0,goal_reached
368,91,flightroom_071718_q00,yellow_handheld_cordless_drill_on_two_boxes,yellow handheld cordless drill on two boxes,30.951200235909774,269,1,1,0.42999351462829155,0,0,goal_reached
369,92,flightroom_071353_q70,green_clock,green clock,-9.139890903443696,670,0,0,0.21571963781646017,0,0,timeout
370,92,flightroom_071718_q95,yellow_handheld_cordless_drill_on_two_boxes,yellow handheld cordless drill on two boxes,20.44195525816902,175,1,1,0.42108458653768704,0,0,goal_reached
371,92,flightroom_071718_q10,yellow_handheld_cordless_drill_on_two_boxes,yellow handheld cordless drill on two boxes,29.598998813522485,244,1,1,0.4064372228529236,0,0,goal_reached
372,92,flightroom_071353_q10,green_clock,green clock,16.904155645226695,129,1,1,0.28457143283687025,0,0,goal_reached
373,93,flightroom_071718_q01,yellow_handheld_cordless_drill_on_two_boxes,yellow handheld cordless drill on two boxes,-37.33913023401385,209,0,0,0.4196083105539083,0,1,collision
374,93,flightroom_071718_q10,yellow_handheld_cordless_drill_on_two_boxes,yellow handheld cordless drill on two boxes,29.773527544567482,246,1,1,0.40361822076332754,0,0,goal_reached
375,93,flightroom_071353_q10,green_clock,green clock,16.424284666566464,130,1,1,0.3780775532676779,0,0,goal_reached
376,93,flightroom_071353_q01,green_clock,green clock,24.36934391353884,479,1,1,0.40301865018466104,0,0,goal_reached
377,94,flightroom_071353_q03,green_clock,green clock,15.73801278678983,133,1,1,0.39803212886546546,0,0,goal_reached
378,94,flightroom_071353_q01,green_clock,green clock,23.246220677885717,626,1,1,0.2547608903430538,0,0,goal_reached
379,94,flightroom_071718_q02,yellow_handheld_cordless_drill_on_two_boxes,yellow handheld cordless drill on two boxes,19.391978337221722,179,1,1,0.4383224544536567,0,0,goal_reached
380,94,flightroom_071718_q70,yellow_handheld_cordless_drill_on_two_boxes,yellow handheld cordless drill on two boxes,31.09809109739411,305,1,1,0.4404372573499607,0,0,goal_reached
381,95,flightroom_071353_q01,green_clock,green clock,-3.746212451504057,670,0,0,0.2124101279616962,0,0,timeout
382,95,flightroom_071718_q50,yellow_handheld_cordless_drill_on_two_boxes,yellow handheld cordless drill on two boxes,11.872555380899605,144,1,1,0.3817572903742584,0,0,goal_reached
383,95,flightroom_071718_q01,yellow_handheld_cordless_drill_on_two_boxes,yellow handheld cordless drill on two boxes,-37.20440299440252,155,0,0,0.7354612729810175,0,1,collision
384,95,flightroom_071718_q35,yellow_handheld_cordless_drill_on_two_boxes,yellow handheld cordless drill on two boxes,-40.3594939513582,264,0,0,0.5937860332472072,0,1,collision
385,96,flightroom_071718_q03,yellow_handheld_cordless_drill_on_two_boxes,yellow handheld cordless drill on two boxes,12.291565029483507,217,1,1,0.10988917522130906,0,0,goal_reached
386,96,flightroom_071353_q95,green_clock,green clock,23.701370283078454,192,1,1,0.45793728334301903,0,0,goal_reached
387,96,flightroom_071353_q35,green_clock,green clock,18.82873083385258,279,1,1,0.38433714506825634,0,0,goal_reached
388,96,flightroom_071353_q02,green_clock,green clock,14.440044983827693,139,1,1,0.4688831150406864,0,0,goal_reached
389,97,flightroom_071718_q10,yellow_handheld_cordless_drill_on_two_boxes,yellow handheld cordless drill on two boxes,28.991854530225005,241,1,1,0.4657570775109675,0,0,goal_reached
390,97,flightroom_071718_q35,yellow_handheld_cordless_drill_on_two_boxes,yellow handheld cordless drill on two boxes,-41.77068991532076,221,0,0,0.5289621362141911,0,1,collision
391,97,flightroom_071718_q95,yellow_handheld_cordless_drill_on_two_boxes,yellow handheld cordless drill on two boxes,25.125378463555826,295,1,1,0.440104811139103,0,0,goal_reached
392,97,flightroom_071353_q00,green_clock,green clock,31.73069453620821,248,1,1,0.4503177392822167,0,0,goal_reached
393,98,flightroom_071718_q00,yellow_handheld_cordless_drill_on_two_boxes,yellow handheld cordless drill on two boxes,30.973295235756677,275,1,1,0.4741360000285427,0,0,goal_reached
394,98,flightroom_071353_q10,green_clock,green clock,16.520307888628295,130,1,1,0.34841836056605147,0,0,goal_reached
395,98,flightroom_071353_q50,green_clock,green clock,17.579983755346156,147,1,1,0.42433087585103607,0,0,goal_reached
396,98,flightroom_071353_q03,green_clock,green clock,15.142895257848735,135,1,1,0.4357909601444798,0,0,goal_reached
397,99,flightroom_071353_q70,green_clock,green clock,-7.9544271420619115,670,0,0,0.22623686756314015,0,0,timeout
398,99,flightroom_071718_q01,yellow_handheld_cordless_drill_on_two_boxes,yellow handheld cordless drill on two boxes,-39.83333146041032,327,0,0,0.4346863893715194,0,1,collision
399,99,flightroom_071718_q00,yellow_handheld_cordless_drill_on_two_boxes,yellow handheld cordless drill on two boxes,30.647463878537152,266,1,1,0.4478820979206675,0,0,goal_reached
400,99,flightroom_071353_q10,green_clock,green clock,15.644966490053939,128,1,1,0.4350449073183532,0,0,goal_reached
401,100,flightroom_071718_q00,yellow_handheld_cordless_drill_on_two_boxes,yellow handheld cordless drill on two boxes,32.24029652363879,280,1,1,0.3947502603868681,0,0,goal_reached
402,100,flightroom_071353_q95,green_clock,green clock,24.93050374300565,199,1,1,0.3440056701562692,0,0,goal_reached
403,100,flightroom_071353_q02,green_clock,green clock,16.126087760635468,161,1,1,0.27462180707515843,0,0,goal_reached
404,100,flightroom_071353_q35,green_clock,green clock,7.793596105277141,337,1,1,0.2831481823892041,0,0,goal_reached
405,101,flightroom_071718_q10,yellow_handheld_cordless_drill_on_two_boxes,yellow handheld cordless drill on two boxes,28.96626684792346,241,1,1,0.46105677915802906,0,0,goal_reached
406,101,flightroom_071718_q35,yellow_handheld_cordless_drill_on_two_boxes,yellow handheld cordless drill on two boxes,-43.818882689166415,327,0,0,0.4375418446165091,0,1,collision
407,101,flightroom_071353_q20,green_clock,green clock,19.967115446026373,276,1,1,0.20709187734495055,0,0,goal_reached
408,101,flightroom_071353_q50,green_clock,green clock,17.1306686302133,146,1,1,0.44638155140483865,0,0,goal_reached
409,102,flightroom_071353_q95,green_clock,green clock,24.447236959455267,194,1,1,0.3741224724313047,0,0,goal_reached
410,102,flightroom_071353_q02,green_clock,green clock,14.596015861235749,143,1,1,0.4787185399530124,0,0,goal_reached
411,102,flightroom_071353_q20,green_clock,green clock,23.294605340322523,310,1,1,0.3451074255407648,0,0,goal_reached
412,102,flightroom_071353_q35,green_clock,green clock,18.11177195797181,299,1,1,0.27417793169899163,0,0,goal_reached
413,103,flightroom_071718_q50,yellow_handheld_cordless_drill_on_two_boxes,yellow handheld cordless drill on two boxes,12.235487237859147,135,1,1,0.3113462815148547,0,0,goal_reached
414,103,flightroom_071353_q35,green_clock,green clock,17.826010106417073,286,1,1,0.2754770364491796,0,0,goal_reached
415,103,flightroom_071718_q20,yellow_handheld_cordless_drill_on_two_boxes,yellow handheld cordless drill on two boxes,-13.937634986887705,670,0,0,1.761300671548832,0,0,timeout
416,103,flightroom_071718_q10,yellow_handheld_cordless_drill_on_two_boxes,yellow handheld cordless drill on two boxes,29.614245507930818,236,1,1,0.46182305397119067,0,0,goal_reached
417,104,flightroom_071353_q35,green_clock,green clock,19.316676239596084,290,1,1,0.28354733684093814,0,0,goal_reached
418,104,flightroom_071718_q03,yellow_handheld_cordless_drill_on_two_boxes,yellow handheld cordless drill on two boxes,11.543702200353458,242,1,1,0.24010133418358245,0,0,goal_reached
419,104,flightroom_071353_q95,green_clock,green clock,24.208830207865777,196,1,1,0.43554168010200195,0,0,goal_reached
420,104,flightroom_071353_q20,green_clock,green clock,4.129322672082868,474,1,1,0.20898321167254014,0,0,goal_reached
421,105,flightroom_071353_q03,green_clock,green clock,16.15879488858406,135,1,1,0.3890793094735331,0,0,goal_reached
422,105,flightroom_071718_q50,yellow_handheld_cordless_drill_on_two_boxes,yellow handheld cordless drill on two boxes,11.84466823535514,138,1,1,0.3671143096931563,0,0,goal_reached
423,105,flightroom_071718_q02,yellow_handheld_cordless_drill_on_two_boxes,yellow handheld cordless drill on two boxes,19.656354683403844,179,1,1,0.45174522061353833,0,0,goal_reached
424,105,flightroom_071353_q01,green_clock,green clock,26.350105508732476,341,1,1,0.3495479901991629,0,0,goal_reached
425,106,flightroom_071353_q03,green_clock,green clock,16.832401618198045,139,1,1,0.3384722205524438,0,0,goal_reached
426,106,flightroom_071718_q00,yellow_handheld_cordless_drill_on_two_boxes,yellow handheld cordless drill on two boxes,35.09945052500522,430,1,1,0.49150600364507113,0,0,goal_reached
427,106,flightroom_071353_q35,green_clock,green clock,18.614269297569116,276,1,1,0.35393682477624894,0,0,goal_reached
428,106,flightroom_071353_q02,green_clock,green clock,15.61906079390665,153,1,1,0.3448920176244131,0,0,goal_reached
429,107,flightroom_071718_q01,yellow_handheld_cordless_drill_on_two_boxes,yellow handheld cordless drill on two boxes,17.845962743657584,183,1,1,0.4245801761917651,0,0,goal_reached
430,107,flightroom_071353_q70,green_clock,green clock,20.163109219181553,593,1,1,0.3444360305319716,0,0,goal_reached
431,107,flightroom_071353_q01,green_clock,green clock,27.23304546418389,585,1,1,0.35043500536182676,0,0,goal_reached
432,107,flightroom_071353_q03,green_clock,green clock,16.35206435901288,136,1,1,0.3769152930684677,0,0,goal_reached
433,108,flightroom_071718_q70,yellow_handheld_cordless_drill_on_two_boxes,yellow handheld cordless drill on two boxes,33.63270710982505,357,1,1,0.4577828870067056,0,0,goal_reached
434,108,flightroom_071353_q01,green_clock,green clock,29.21873063102388,351,1,1,0.3369821371068967,0,0,goal_reached
435,108,flightroom_071718_q10,yellow_handheld_cordless_drill_on_two_boxes,yellow handheld cordless drill on two boxes,29.628457093373722,243,1,1,0.4489958767344214,0,0,goal_reached
436,108,flightroom_071353_q50,green_clock,green clock,17.605930166838696,148,1,1,0.42368963908062907,0,0,goal_reached
437,109,flightroom_071353_q50,green_clock,green clock,17.08283723108936,149,1,1,0.4502853885518655,0,0,goal_reached
438,109,flightroom_071718_q00,yellow_handheld_cordless_drill_on_two_boxes,yellow handheld cordless drill on two boxes,37.17591784604232,400,1,1,0.4785101251395017,0,0,goal_reached
439,109,flightroom_071718_q50,yellow_handheld_cordless_drill_on_two_boxes,yellow handheld cordless drill on two boxes,11.82108843746509,121,1,1,0.3631879413390046,0,0,goal_reached
440,109,flightroom_071718_q03,yellow_handheld_cordless_drill_on_two_boxes,yellow handheld cordless drill on two boxes,12.702363974334226,306,1,1,0.25821303521284045,0,0,goal_reached
441,110,flightroom_071718_q10,yellow_handheld_cordless_drill_on_two_boxes,yellow handheld cordless drill on two boxes,29.62178265478129,242,1,1,0.4611205760032128,0,0,goal_reached
442,110,flightroom_071353_q35,green_clock,green clock,16.95680940639862,259,1,1,0.23522322893512895,0,0,goal_reached
443,110,flightroom_071718_q02,yellow_handheld_cordless_drill_on_two_boxes,yellow handheld cordless drill on two boxes,20.76741212311945,180,1,1,0.3665043246824286,0,0,goal_reached
444,110,flightroom_071353_q02,green_clock,green clock,13.710289319659363,139,1,1,0.49654920887949355,0,0,goal_reached
445,111,flightroom_071718_q01,yellow_handheld_cordless_drill_on_two_boxes,yellow handheld cordless drill on two boxes,19.725142215648198,200,1,1,0.18729574152568113,0,0,goal_reached
446,111,flightroom_071718_q10,yellow_handheld_cordless_drill_on_two_boxes,yellow handheld cordless drill on two boxes,29.384746789049764,242,1,1,0.46656017268868955,0,0,goal_reached
447,111,flightroom_071718_q00,yellow_handheld_cordless_drill_on_two_boxes,yellow handheld cordless drill on two boxes,34.19747294057804,360,1,1,0.45054055227404083,0,0,goal_reached
448,111,flightroom_071353_q10,green_clock,green clock,16.65552903308514,127,1,1,0.26933212762763603,0,0,goal_reached
449,112,flightroom_071718_q01,yellow_handheld_cordless_drill_on_two_boxes,yellow handheld cordless drill on two boxes,19.60793630025168,205,1,1,0.2457918136943017,0,0,goal_reached
450,112,flightroom_071353_q03,green_clock,green clock,15.1254599019258,136,1,1,0.45227907218333807,0,0,goal_reached
451,112,flightroom_071718_q02,yellow_handheld_cordless_drill_on_two_boxes,yellow handheld cordless drill on two boxes,19.69884222162552,185,1,1,0.4627509797813223,0,0,goal_reached
452,112,flightroom_071353_q20,green_clock,green clock,-31.787909078543034,670,0,0,0.8817186791261771,0,0,timeout
453,113,flightroom_071718_q20,yellow_handheld_cordless_drill_on_two_boxes,yellow handheld cordless drill on two boxes,-36.68325854320011,670,0,0,1.8115043242918714,0,0,timeout
454,113,flightroom_071353_q02,green_clock,green clock,13.855088115406943,138,1,1,0.48459312432281165,0,0,goal_reached
455,113,flightroom_071353_q10,green_clock,green clock,16.504151537258775,128,1,1,0.3151767120670437,0,0,goal_reached
456,113,flightroom_071718_q02,yellow_handheld_cordless_drill_on_two_boxes,yellow handheld cordless drill on two boxes,19.562928357584667,180,1,1,0.48109694698061634,0,0,goal_reached
457,114,flightroom_071718_q20,yellow_handheld_cordless_drill_on_two_boxes,yellow handheld cordless drill on two boxes,-46.27792670759688,670,0,0,1.8703066618042863,0,0,timeout
458,114,flightroom_071353_q20,green_clock,green clock,21.078483700229075,278,1,1,0.3402018290442054,0,0,goal_reached
459,114,flightroom_071353_q50,green_clock,green clock,18.909026360199782,172,1,1,0.3148716438689127,0,0,goal_reached
460,114,flightroom_071353_q10,green_clock,green clock,16.257132135214277,129,1,1,0.343603823638797,0,0,goal_reached
461,115,flightroom_071718_q95,yellow_handheld_cordless_drill_on_two_boxes,yellow handheld cordless drill on two boxes,24.17387756507277,277,1,1,0.46925022615406653,0,0,goal_reached
462,115,flightroom_071353_q95,green_clock,green clock,23.636552787427405,189,1,1,0.38400163140840554,0,0,goal_reached
463,115,flightroom_071353_q03,green_clock,green clock,16.2648602112343,136,1,1,0.36749741348547427,0,0,goal_reached
464,115,flightroom_071353_q35,green_clock,green clock,19.975179193820388,288,1,1,0.37222997001238106,0,0,goal_reached
465,116,flightroom_071353_q10,green_clock,green clock,17.20278121958746,130,1,1,0.2509943991628537,0,0,goal_reached
466,116,flightroom_071353_q95,green_clock,green clock,24.885356234445585,194,1,1,0.2588841511365604,0,0,goal_reached
467,116,flightroom_071353_q20,green_clock,green clock,21.62747709076173,308,1,1,0.3008234659665091,0,0,goal_reached
468,116,flightroom_071353_q70,green_clock,green clock,19.119014654644996,456,1,1,0.3669256505466777,0,0,goal_reached
469,117,flightroom_071718_q20,yellow_handheld_cordless_drill_on_two_boxes,yellow handheld cordless drill on two boxes,-44.34096891271704,670,0,0,1.936433377127147,0,0,timeout
470,117,flightroom_071718_q02,yellow_handheld_cordless_drill_on_two_boxes,yellow handheld cordless drill on two boxes,19.580782372988256,182,1,1,0.4634147823230006,0,0,goal_reached
471,117,flightroom_071353_q95,green_clock,green clock,23.771585507637866,191,1,1,0.3953605072122176,0,0,goal_reached
472,117,flightroom_071718_q03,yellow_handheld_cordless_drill_on_two_boxes,yellow handheld cordless drill on two boxes,16.902906867624306,449,1,1,0.47972590475728355,0,0,goal_reached
473,118,flightroom_071718_q10,yellow_handheld_cordless_drill_on_two_boxes,yellow handheld cordless drill on two boxes,29.63903271121623,241,1,1,0.4045412755145036,0,0,goal_reached
474,118,flightroom_071353_q03,green_clock,green clock,14.49904620449335,135,1,1,0.48037266761216346,0,0,goal_reached
475,118,flightroom_071718_q00,yellow_handheld_cordless_drill_on_two_boxes,yellow handheld cordless drill on two boxes,33.469888688476225,310,1,1,0.4549490708054519,0,0,goal_reached
476,118,flightroom_071353_q10,green_clock,green clock,17.054546418759443,130,1,1,0.3176551973014514,0,0,goal_reached
477,119,flightroom_071718_q03,yellow_handheld_cordless_drill_on_two_boxes,yellow handheld cordless drill on two boxes,12.02225833191211,222,1,1,0.23787621321452362,0,0,goal_reached
478,119,flightroom_071353_q01,green_clock,green clock,28.410816053259005,315,1,1,0.3994380444769102,0,0,goal_reached
479,119,flightroom_071353_q10,green_clock,green clock,16.677145001345817,128,1,1,0.2746516485588461,0,0,goal_reached
480,119,flightroom_071718_q35,yellow_handheld_cordless_drill_on_two_boxes,yellow handheld cordless drill on two boxes,10.831451893012755,358,1,1,0.23944068971792765,0,0,goal_reached
481,120,flightroom_071353_q20,green_clock,green clock,22.136650040222158,288,1,1,0.3407986617181241,0,0,goal_reached
482,120,flightroom_071718_q70,yellow_handheld_cordless_drill_on_two_boxes,yellow handheld cordless drill on two boxes,29.083113128701704,246,1,1,0.46094276143247165,0,0,goal_reached
483,120,flightroom_071718_q35,yellow_handheld_cordless_drill_on_two_boxes,yellow handheld cordless drill on two boxes,15.05307825839975,336,1,1,0.062380084717864374,0,0,goal_reached
484,120,flightroom_071718_q00,yellow_handheld_cordless_drill_on_two_boxes,yellow handheld cordless drill on two boxes,31.84935539434555,279,1,1,0.45337090957356907,0,0,goal_reached
485,121,flightroom_071718_q01,yellow_handheld_cordless_drill_on_two_boxes,yellow handheld cordless drill on two boxes,16.708093522632474,363,1,1,0.14073287982299357,0,0,goal_reached
486,121,flightroom_071718_q50,yellow_handheld_cordless_drill_on_two_boxes,yellow handheld cordless drill on two boxes,12.908919055187852,126,1,1,0.24317101672982705,0,0,goal_reached
487,121,flightroom_071353_q35,green_clock,green clock,18.114884157300363,290,1,1,0.4232378740171737,0,0,goal_reached
488,121,flightroom_071353_q20,green_clock,green clock,20.473558685975235,298,1,1,0.35354942923834526,0,0,goal_reached
489,122,flightroom_071353_q03,green_clock,green clock,14.645495354915111,139,1,1,0.47272660036097575,0,0,goal_reached
490,122,flightroom_071353_q70,green_clock,green clock,-25.438655645793606,670,0,0,1.273914920662586,0,0,timeout
491,122,flightroom_071718_q10,yellow_handheld_cordless_drill_on_two_boxes,yellow handheld cordless drill on two boxes,30.192291182029035,240,1,1,0.36411289797434127,0,0,goal_reached
492,122,flightroom_071718_q95,yellow_handheld_cordless_drill_on_two_boxes,yellow handheld cordless drill on two boxes,20.39074798393898,178,1,1,0.47046024482498844,0,0,goal_reached
493,123,flightroom_071353_q20,green_clock,green clock,17.780131884702367,468,1,1,0.3037765558923711,0,0,goal_reached
494,123,flightroom_071353_q35,green_clock,green clock,-14.694881688256615,670,0,0,0.7667154205310023,0,0,timeout
495,123,flightroom_071353_q95,green_clock,green clock,23.676853381673016,195,1,1,0.42598562354656133,0,0,goal_reached
496,123,flightroom_071353_q00,green_clock,green clock,32.26990689725743,254,1,1,0.40511090001614386,0,0,goal_reached
497,124,flightroom_071353_q70,green_clock,green clock,15.158269831531193,328,1,1,0.4688940852975259,0,0,goal_reached
498,124,flightroom_071353_q02,green_clock,green clock,13.817393026161053,135,1,1,0.4474901032831782,0,0,goal_reached
499,124,flightroom_071718_q95,yellow_handheld_cordless_drill_on_two_boxes,yellow handheld cordless drill on two boxes,22.18945725131973,205,1,1,0.4465411285287462,0,0,goal_reached
500,124,flightroom_071353_q20,green_clock,green clock,19.58084241331276,287,1,1,0.2830717537493132,0,0,goal_reached
501,125,flightroom_071718_q02,yellow_handheld_cordless_drill_on_two_boxes,yellow handheld cordless drill on two boxes,20.40420229883008,182,1,1,0.4085764310475327,0,0,goal_reached
502,125,flightroom_071353_q20,green_clock,green clock,18.801047704830143,314,1,1,0.26192773392448065,0,0,goal_reached
503,125,flightroom_071718_q95,yellow_handheld_cordless_drill_on_two_boxes,yellow handheld cordless drill on two boxes,20.196031921824716,175,1,1,0.4197163979976735,0,0,goal_reached
504,125,flightroom_071353_q10,green_clock,green clock,17.21150726545295,130,1,1,0.25240992040640353,0,0,goal_reached
505,126,flightroom_071718_q95,yellow_handheld_cordless_drill_on_two_boxes,yellow handheld cordless drill on two boxes,20.209384771031544,173,1,1,0.4525435053575085,0,0,goal_reached
506,126,flightroom_071353_q95,green_clock,green clock,23.890183753823592,192,1,1,0.39214934728242634,0,0,goal_reached
507,126,flightroom_071353_q00,green_clock,green clock,32.2827562545606,251,1,1,0.39747315091552593,0,0,goal_reached
508,126,flightroom_071718_q50,yellow_handheld_cordless_drill_on_two_boxes,yellow handheld cordless drill on two boxes,12.49947767393498,113,1,1,0.27645112879080813,0,0,goal_reached
509,127,flightroom_071718_q10,yellow_handheld_cordless_drill_on_two_boxes,yellow handheld cordless drill on two boxes,30.460738622833453,243,1,1,0.3541157315366751,0,0,goal_reached
510,127,flightroom_071353_q20,green_clock,green clock,14.565361960934691,321,1,1,0.09540975765803987,0,0,goal_reached
511,127,flightroom_071353_q01,green_clock,green clock,28.508733828770566,483,1,1,0.30402529801454353,0,0,goal_reached
512,127,flightroom_071353_q70,green_clock,green clock,12.353397510418235,626,1,1,0.22547706303086368,0,0,goal_reached
513,128,flightroom_071353_q03,green_clock,green clock,16.66739573737887,136,1,1,0.3062595539843061,0,0,goal_reached
514,128,flightroom_071353_q02,green_clock,green clock,16.12519860669156,160,1,1,0.3390078643616984,0,0,goal_reached
515,128,flightroom_071718_q10,yellow_handheld_cordless_drill_on_two_boxes,yellow handheld cordless drill on two boxes,30.71214456939593,247,1,1,0.3631029903971645,0,0,goal_reached
516,128,flightroom_071718_q01,yellow_handheld_cordless_drill_on_two_boxes,yellow handheld cordless drill on two boxes,17.805523270844958,180,1,1,0.3832791847932259,0,0,goal_reached
517,129,flightroom_071353_q03,green_clock,green clock,15.94174655351,135,1,1,0.38034885165028054,0,0,goal_reached
518,129,flightroom_071718_q00,yellow_handheld_cordless_drill_on_two_boxes,yellow handheld cordless drill on two boxes,31.412369084449132,277,1,1,0.43609311937411704,0,0,goal_reached
519,129,flightroom_071718_q20,yellow_handheld_cordless_drill_on_two_boxes,yellow handheld cordless drill on two boxes,-38.63505745596497,670,0,0,1.9016559315957922,0,0,timeout
520,129,flightroom_071718_q50,yellow_handheld_cordless_drill_on_two_boxes,yellow handheld cordless drill on two boxes,12.534233242074741,139,1,1,0.30402828893772965,0,0,goal_reached
521,130,flightroom_071718_q03,yellow_handheld_cordless_drill_on_two_boxes,yellow handheld cordless drill on two boxes,12.28252675328374,367,1,1,0.40059937409105884,0,0,goal_reached
522,130,flightroom_071718_q95,yellow_handheld_cordless_drill_on_two_boxes,yellow handheld cordless drill on two boxes,20.35384818007614,177,1,1,0.4209545605717162,0,0,goal_reached
523,130,flightroom_071353_q00,green_clock,green clock,32.77219426139814,257,1,1,0.4200719530901689,0,0,goal_reached
524,130,flightroom_071718_q02,yellow_handheld_cordless_drill_on_two_boxes,yellow handheld cordless drill on two boxes,19.395471417692818,180,1,1,0.41004658691797624,0,0,goal_reached
525,131,flightroom_071718_q01,yellow_handheld_cordless_drill_on_two_boxes,yellow handheld cordless drill on two boxes,-36.387405417854666,156,0,0,0.4903580076279748,0,1,collision
526,131,flightroom_071353_q02,green_clock,green clock,16.397701791032247,158,1,1,0.31761587818211306,0,0,goal_reached
527,131,flightroom_071353_q00,green_clock,green clock,33.13085185610171,259,1,1,0.4039234831394998,0,0,goal_reached
528,131,flightroom_071718_q50,yellow_handheld_cordless_drill_on_two_boxes,yellow handheld cordless drill on two boxes,12.531162589157667,117,1,1,0.26314758100339136,0,0,goal_reached
529,132,flightroom_071718_q03,yellow_handheld_cordless_drill_on_two_boxes,yellow handheld cordless drill on two boxes,13.704076582655517,197,1,1,0.12420766315910489,0,0,goal_reached
530,132,flightroom_071353_q00,green_clock,green clock,31.903748093423854,254,1,1,0.4717998098938737,0,0,goal_reached
531,132,flightroom_071353_q35,green_clock,green clock,15.043723607588458,299,1,1,0.2930874741784059,0,0,goal_reached
532,132,flightroom_071353_q70,green_clock,green clock,14.407869078458987,594,1,1,0.24529404644499567,0,0,goal_reached
533,133,flightroom_071718_q01,yellow_handheld_cordless_drill_on_two_boxes,yellow handheld cordless drill on two boxes,-36.0974840770269,159,0,0,0.4209830078643296,0,1,collision
534,133,flightroom_071718_q10,yellow_handheld_cordless_drill_on_two_boxes,yellow handheld cordless drill on two boxes,29.89167424949479,245,1,1,0.41236561263366395,0,0,goal_reached
535,133,flightroom_071353_q95,green_clock,green clock,23.914922777549172,197,1,1,0.4333664697871338,0,0,goal_reached
536,133,flightroom_071353_q20,green_clock,green clock,19.68380471181064,271,1,1,0.25719921779798505,0,0,goal_reached
537,134,flightroom_071353_q50,green_clock,green clock,18.16463643357948,151,1,1,0.42123000498728386,0,0,goal_reached
538,134,flightroom_071718_q10,yellow_handheld_cordless_drill_on_two_boxes,yellow handheld cordless drill on two boxes,31.28665206449653,254,1,1,0.36198617809292405,0,0,goal_reached
539,134,flightroom_071718_q01,yellow_handheld_cordless_drill_on_two_boxes,yellow handheld cordless drill on two boxes,18.70104833000621,203,1,1,0.24669708970350773,0,0,goal_reached
540,134,flightroom_071353_q01,green_clock,green clock,-22.082431826593147,670,0,0,1.2566441753946824,0,0,timeout
541,135,flightroom_071353_q02,green_clock,green clock,13.56790357102944,136,1,1,0.49323035500791307,0,0,goal_reached
542,135,flightroom_071353_q70,green_clock,green clock,17.17275403932352,555,1,1,0.2888094807057176,0,0,goal_reached
543,135,flightroom_071718_q00,yellow_handheld_cordless_drill_on_two_boxes,yellow handheld cordless drill on two boxes,30.488500537701853,270,1,1,0.49081624076946356,0,0,goal_reached
544,135,flightroom_071353_q20,green_clock,green clock,19.134972976975465,274,1,1,0.212298040315987,0,0,goal_reached
545,136,flightroom_071718_q50,yellow_handheld_cordless_drill_on_two_boxes,yellow handheld cordless drill on two boxes,11.384397346475716,101,1,1,0.427126113459562,0,0,goal_reached
546,136,flightroom_071353_q03,green_clock,green clock,15.739214163556353,140,1,1,0.4221144775994485,0,0,goal_reached
547,136,flightroom_071353_q95,green_clock,green clock,24.50881187395291,197,1,1,0.37664134106847413,0,0,goal_reached
548,136,flightroom_071718_q00,yellow_handheld_cordless_drill_on_two_boxes,yellow handheld cordless drill on two boxes,31.28255195066169,278,1,1,0.49921655308556645,0,0,goal_reached
549,137,flightroom_071718_q95,yellow_handheld_cordless_drill_on_two_boxes,yellow handheld cordless drill on two boxes,22.43173245888525,225,1,1,0.4590711942973978,0,0,goal_reached
550,137,flightroom_071353_q20,green_clock,green clock,20.729605568015817,273,1,1,0.28769176503735044,0,0,goal_reached
551,137,flightroom_071353_q35,green_clock,green clock,17.294824682902167,265,1,1,0.3265367167762775,0,0,goal_reached
552,137,flightroom_071353_q01,green_clock,green clock,-4.168362753067832,670,0,0,0.22203712254192243,0,0,timeout
553,138,flightroom_071353_q00,green_clock,green clock,32.52660041463889,258,1,1,0.4500526620762654,0,0,goal_reached
554,138,flightroom_071718_q03,yellow_handheld_cordless_drill_on_two_boxes,yellow handheld cordless drill on two boxes,15.588742773333564,258,1,1,0.19529336674415276,0,0,goal_reached
555,138,flightroom_071353_q01,green_clock,green clock,26.920345067855315,347,1,1,0.3928353136046361,0,0,goal_reached
556,138,flightroom_071353_q03,green_clock,green clock,14.692381080451348,134,1,1,0.4563149262381283,0,0,goal_reached
557,139,flightroom_071718_q02,yellow_handheld_cordless_drill_on_two_boxes,yellow handheld cordless drill on two boxes,-54.78661384806785,670,0,0,2.1415717610663125,0,0,timeout
558,139,flightroom_071718_q03,yellow_handheld_cordless_drill_on_two_boxes,yellow handheld cordless drill on two boxes,11.794169634921744,186,1,1,0.20758040733409036,0,0,goal_reached
559,139,flightroom_071353_q20,green_clock,green clock,21.358593389302555,293,1,1,0.32750471614280013,0,0,goal_reached
560,139,flightroom_071718_q20,yellow_handheld_cordless_drill_on_two_boxes,yellow handheld cordless drill on two boxes,-54.82768041069882,670,0,0,2.3825394347850346,0,0,timeout
561,140,flightroom_071353_q02,green_clock,green clock,15.525592670173847,154,1,1,0.35710922586720206,0,0,goal_reached
562,140,flightroom_071353_q20,green_clock,green clock,-66.60137235846871,442,1,1,0.1363040318547075,0,0,goal_reached
563,140,flightroom_071353_q10,green_clock,green clock,16.978020983257903,126,1,1,0.3761014181334116,0,0,goal_reached
564,140,flightroom_071718_q95,yellow_handheld_cordless_drill_on_two_boxes,yellow handheld cordless drill on two boxes,21.36766527493245,228,1,1,0.41264383774230096,0,0,goal_reached
565,141,flightroom_071353_q01,green_clock,green clock,-2.8996202758069956,670,0,0,0.20369808348983012,0,0,timeout
566,141,flightroom_071353_q70,green_clock,green clock,18.529857216878725,659,1,1,0.3679484408626847,0,0,goal_reached
567,141,flightroom_071718_q50,yellow_handheld_cordless_drill_on_two_boxes,yellow handheld cordless drill on two boxes,11.601342781637848,124,1,1,0.3908422207596064,0,0,goal_reached
568,141,flightroom_071718_q10,yellow_handheld_cordless_drill_on_two_boxes,yellow handheld cordless drill on two boxes,29.648784034489506,249,1,1,0.4592386456098925,0,0,goal_reached
569,142,flightroom_071353_q95,green_clock,green clock,24.551305862269338,200,1,1,0.41454657087349467,0,0,goal_reached
570,142,flightroom_071353_q10,green_clock,green clock,16.559770114495777,129,1,1,0.3029405738642898,0,0,goal_reached
571,142,flightroom_071353_q20,green_clock,green clock,21.492397709237643,310,1,1,0.2617826730795729,0,0,goal_reached
572,142,flightroom_071718_q00,yellow_handheld_cordless_drill_on_two_boxes,yellow handheld cordless drill on two boxes,32.20939917322413,278,1,1,0.440808373744463,0,0,goal_reached
573,143,flightroom_071718_q70,yellow_handheld_cordless_drill_on_two_boxes,yellow handheld cordless drill on two boxes,30.3447048759612,268,1,1,0.4546188608012226,0,0,goal_reached
574,143,flightroom_071353_q95,green_clock,green clock,23.99288259352877,197,1,1,0.3944568256024163,0,0,goal_reached
575,143,flightroom_071718_q02,yellow_handheld_cordless_drill_on_two_boxes,yellow handheld cordless drill on two boxes,18.821059247013817,177,1,1,0.475401393039673,0,0,goal_reached
576,143,flightroom_071353_q70,green_clock,green clock,-23.4047815399826,670,0,0,1.0201496719310668,0,0,timeout
577,144,flightroom_071718_q95,yellow_handheld_cordless_drill_on_two_boxes,yellow handheld cordless drill on two boxes,20.151812745584888,175,1,1,0.3906067284998644,0,0,goal_reached
578,144,flightroom_071718_q10,yellow_handheld_cordless_drill_on_two_boxes,yellow handheld cordless drill on two boxes,30.33890270948136,254,1,1,0.4358851015840631,0,0,goal_reached
579,144,flightroom_071718_q02,yellow_handheld_cordless_drill_on_two_boxes,yellow handheld cordless drill on two boxes,24.41192362888171,213,1,1,0.33263748592300735,0,0,goal_reached
580,144,flightroom_071353_q35,green_clock,green clock,7.924132885838097,417,1,1,0.1953830509460311,0,0,goal_reached
581,145,flightroom_071718_q01,yellow_handheld_cordless_drill_on_two_boxes,yellow handheld cordless drill on two boxes,-36.98019970096152,202,0,0,0.3664931270257038,0,1,collision
582,145,flightroom_071353_q03,green_clock,green clock,14.975645864183683,137,1,1,0.4121705895281867,0,0,goal_reached
583,145,flightroom_071353_q70,green_clock,green clock,-8.918780313330132,670,0,0,0.19849339607336708,0,0,timeout
584,145,flightroom_071353_q10,green_clock,green clock,16.64546074176429,130,1,1,0.28011229033727,0,0,goal_reached
585,146,flightroom_071353_q95,green_clock,green clock,25.218274994099794,195,1,1,0.22419058015117496,0,0,goal_reached
586,146,flightroom_071718_q00,yellow_handheld_cordless_drill_on_two_boxes,yellow handheld cordless drill on two boxes,31.637099040819834,277,1,1,0.47248862114216045,0,0,goal_reached
587,146,flightroom_071353_q10,green_clock,green clock,17.195612698884986,129,1,1,0.2348185318129751,0,0,goal_reached
588,146,flightroom_071718_q02,yellow_handheld_cordless_drill_on_two_boxes,yellow handheld cordless drill on two boxes,19.270024894981894,181,1,1,0.45019203523842655,0,0,goal_reached
589,147,flightroom_071718_q35,yellow_handheld_cordless_drill_on_two_boxes,yellow handheld cordless drill on two boxes,-39.853855830289426,198,0,0,0.3303427291802813,0,1,collision
590,147,flightroom_071718_q00,yellow_handheld_cordless_drill_on_two_boxes,yellow handheld cordless drill on two boxes,30.493260694736257,267,1,1,0.4737121782363762,0,0,goal_reached
591,147,flightroom_071353_q10,green_clock,green clock,15.986452362652575,127,1,1,0.35011284441949453,0,0,goal_reached
592,147,flightroom_071718_q02,yellow_handheld_cordless_drill_on_two_boxes,yellow handheld cordless drill on two boxes,20.290235713207988,185,1,1,0.38351936663538316,0,0,goal_reached
593,148,flightroom_071353_q70,green_clock,green clock,13.947841250279453,350,1,1,0.17458633294027104,0,0,goal_reached
594,148,flightroom_071353_q01,green_clock,green clock,24.154583479114603,357,1,1,0.26699374770351014,0,0,goal_reached
595,148,flightroom_071353_q95,green_clock,green clock,25.50335931883811,198,1,1,0.20824216706199514,0,0,goal_reached
596,148,flightroom_071353_q03,green_clock,green clock,15.093732423376036,140,1,1,0.44257785616010814,0,0,goal_reached
597,149,flightroom_071718_q50,yellow_handheld_cordless_drill_on_two_boxes,yellow handheld cordless drill on two boxes,11.60754294650799,120,1,1,0.3620057021239841,0,0,goal_reached
598,149,flightroom_071718_q10,yellow_handheld_cordless_drill_on_two_boxes,yellow handheld cordless drill on two boxes,29.788784147919785,245,1,1,0.41415072338274894,0,0,goal_reached
599,149,flightroom_071353_q02,green_clock,green clock,16.556430144446587,164,1,1,0.2968997280083533,0,0,goal_reached
600,149,flightroom_071718_q03,yellow_handheld_cordless_drill_on_two_boxes,yellow handheld cordless drill on two boxes,11.672164164189564,238,1,1,0.19592993188095656,0,0,goal_reached
601,150,flightroom_071718_q03,yellow_handheld_cordless_drill_on_two_boxes,yellow handheld cordless drill on two boxes,6.133015737214461,457,1,1,0.4639298395545024,0,0,goal_reached
602,150,flightroom_071353_q95,green_clock,green clock,24.46134300883685,196,1,1,0.36107557478352453,0,0,goal_reached
603,150,flightroom_071718_q35,yellow_handheld_cordless_drill_on_two_boxes,yellow handheld cordless drill on two boxes,10.832914574274803,397,1,1,0.22537913500655288,0,0,goal_reached
604,150,flightroom_071353_q10,green_clock,green clock,16.885887042848825,131,1,1,0.3007629522452306,0,0,goal_reached
605,151,flightroom_071353_q00,green_clock,green clock,32.494004812291664,256,1,1,0.4070463491339572,0,0,goal_reached
606,151,flightroom_071718_q50,yellow_handheld_cordless_drill_on_two_boxes,yellow handheld cordless drill on two boxes,11.581379381910024,122,1,1,0.37648061457833176,0,0,goal_reached
607,151,flightroom_071718_q00,yellow_handheld_cordless_drill_on_two_boxes,yellow handheld cordless drill on two boxes,36.14907449613673,365,1,1,0.46109444500152436,0,0,goal_reached
608,151,flightroom_071718_q20,yellow_handheld_cordless_drill_on_two_boxes,yellow handheld cordless drill on two boxes,-6.472478440165563,670,0,0,1.6194925713672415,0,0,timeout
609,152,flightroom_071718_q50,yellow_handheld_cordless_drill_on_two_boxes,yellow handheld cordless drill on two boxes,11.185094302342186,104,1,1,0.44974028066282445,0,0,goal_reached
610,152,flightroom_071718_q20,yellow_handheld_cordless_drill_on_two_boxes,yellow handheld cordless drill on two boxes,-33.38792401274954,670,0,0,1.9019171164194488,0,0,timeout
611,152,flightroom_071353_q01,green_clock,green clock,28.022267898322234,392,1,1,0.33115772497139234,0,0,goal_reached
612,152,flightroom_071353_q03,green_clock,green clock,15.48293896647691,141,1,1,0.4212507002176312,0,0,goal_reached
613,153,flightroom_071718_q20,yellow_handheld_cordless_drill_on_two_boxes,yellow handheld cordless drill on two boxes,-46.45582456615245,670,0,0,2.055188191503308,0,0,timeout
614,153,flightroom_071353_q70,green_clock,green clock,16.924749103627683,545,1,1,0.3745458338607043,0,0,goal_reached
615,153,flightroom_071353_q50,green_clock,green clock,17.867557678189005,152,1,1,0.4491190431039474,0,0,goal_reached
616,153,flightroom_071353_q02,green_clock,green clock,14.669871354444645,139,1,1,0.4570075882208232,0,0,goal_reached
617,154,flightroom_071718_q35,yellow_handheld_cordless_drill_on_two_boxes,yellow handheld cordless drill on two boxes,-39.56792349731983,205,0,0,0.34530493425970754,0,1,collision
618,154,flightroom_071718_q70,yellow_handheld_cordless_drill_on_two_boxes,yellow handheld cordless drill on two boxes,32.57858915888324,323,1,1,0.4695967387480545,0,0,goal_reached
619,154,flightroom_071718_q00,yellow_handheld_cordless_drill_on_two_boxes,yellow handheld cordless drill on two boxes,31.62430283021059,277,1,1,0.44436531563603515,0,0,goal_reached
620,154,flightroom_071353_q02,green_clock,green clock,16.246889270574634,155,1,1,0.3198214697357315,0,0,goal_reached
621,155,flightroom_071718_q35,yellow_handheld_cordless_drill_on_two_boxes,yellow handheld cordless drill on two boxes,-40.41000880069174,153,0,0,0.9196558629712495,0,1,collision
622,155,flightroom_071353_q35,green_clock,green clock,14.228535525050145,283,1,1,0.20432270852555479,0,0,goal_reached
623,155,flightroom_071718_q00,yellow_handheld_cordless_drill_on_two_boxes,yellow handheld cordless drill on two boxes,-1.3146809448889627,670,0,0,0.6077741503225037,0,0,timeout
624,155,flightroom_071353_q01,green_clock,green clock,28.00678279886396,573,1,1,0.30615574823225217,0,0,goal_reached
625,156,flightroom_071353_q50,green_clock,green clock,18.183995550690298,153,1,1,0.43077964386331963,0,0,goal_reached
626,156,flightroom_071353_q20,green_clock,green clock,19.192592983270572,272,1,1,0.27186376237005083,0,0,goal_reached
627,156,flightroom_071718_q10,yellow_handheld_cordless_drill_on_two_boxes,yellow handheld cordless drill on two boxes,29.640943411365246,248,1,1,0.48897598866292435,0,0,goal_reached
628,156,flightroom_071718_q03,yellow_handheld_cordless_drill_on_two_boxes,yellow handheld cordless drill on two boxes,10.132698908147823,254,1,1,0.35302478603718196,0,0,goal_reached
629,157,flightroom_071718_q03,yellow_handheld_cordless_drill_on_two_boxes,yellow handheld cordless drill on two boxes,9.072606510510948,278,1,1,0.2456761173349465,0,0,goal_reached
630,157,flightroom_071718_q10,yellow_handheld_cordless_drill_on_two_boxes,yellow handheld cordless drill on two boxes,29.50560836466468,244,1,1,0.46526954015778016,0,0,goal_reached
631,157,flightroom_071353_q00,green_clock,green clock,32.16152847907829,250,1,1,0.393835812206735,0,0,goal_reached
632,157,flightroom_071718_q95,yellow_handheld_cordless_drill_on_two_boxes,yellow handheld cordless drill on two boxes,20.44289373661616,176,1,1,0.44575909465561375,0,0,goal_reached
633,158,flightroom_071718_q00,yellow_handheld_cordless_drill_on_two_boxes,yellow handheld cordless drill on two boxes,32.81906372929895,336,1,1,0.4750793963488167,0,0,goal_reached
634,158,flightroom_071353_q00,green_clock,green clock,31.773059170092054,250,1,1,0.40660052712136174,0,0,goal_reached
635,158,flightroom_071718_q95,yellow_handheld_cordless_drill_on_two_boxes,yellow handheld cordless drill on two boxes,20.059811564000096,234,1,1,0.4729072515673486,0,0,goal_reached
636,158,flightroom_071353_q95,green_clock,green clock,23.920088659833297,193,1,1,0.37893716303524744,0,0,goal_reached
637,159,flightroom_071718_q20,yellow_handheld_cordless_drill_on_two_boxes,yellow handheld cordless drill on two boxes,-22.189932279110387,670,0,0,1.7088076481798702,0,0,timeout
638,159,flightroom_071718_q02,yellow_handheld_cordless_drill_on_two_boxes,yellow handheld cordless drill on two boxes,20.504664923305185,187,1,1,0.3985892942028993,0,0,goal_reached
639,159,flightroom_071353_q95,green_clock,green clock,24.471014488650972,200,1,1,0.37244297525325726,0,0,goal_reached
640,159,flightroom_071718_q95,yellow_handheld_cordless_drill_on_two_boxes,yellow handheld cordless drill on two boxes,21.678771041837834,178,1,1,0.3934868155538031,0,0,goal_reached
641,160,flightroom_071718_q50,yellow_handheld_cordless_drill_on_two_boxes,yellow handheld cordless drill on two boxes,12.10203495390433,125,1,1,0.33893028082019067,0,0,goal_reached
642,160,flightroom_071353_q70,green_clock,green clock,20.58199293853522,318,1,1,0.28365428416091687,0,0,goal_reached
643,160,flightroom_071353_q03,green_clock,green clock,16.634308219878847,136,1,1,0.3364614559325718,0,0,goal_reached
644,160,flightroom_071718_q00,yellow_handheld_cordless_drill_on_two_boxes,yellow handheld cordless drill on two boxes,35.07175757755572,361,1,1,0.4881749325662006,0,0,goal_reached
645,161,flightroom_071353_q95,green_clock,green clock,24.731979536183996,199,1,1,0.35490291139838126,0,0,goal_reached
646,161,flightroom_071718_q03,yellow_handheld_cordless_drill_on_two_boxes,yellow handheld cordless drill on two boxes,10.595659704129433,184,1,1,0.3712991667858733,0,0,goal_reached
647,161,flightroom_071718_q10,yellow_handheld_cordless_drill_on_two_boxes,yellow handheld cordless drill on two boxes,29.796645784403626,248,1,1,0.43536856191127044,0,0,goal_reached
648,161,flightroom_071718_q35,yellow_handheld_cordless_drill_on_two_boxes,yellow handheld cordless drill on two boxes,-39.57602712518373,200,0,0,0.30338210700895685,0,1,collision
649,162,flightroom_071353_q01,green_clock,green clock,22.69450274600316,381,1,1,0.2842722644262861,0,0,goal_reached
650,162,flightroom_071718_q20,yellow_handheld_cordless_drill_on_two_boxes,yellow handheld cordless drill on two boxes,-37.713257040547546,670,0,0,1.9563968547276116,0,0,timeout
651,162,flightroom_071353_q10,green_clock,green clock,16.14298249194346,132,1,1,0.37503971171998457,0,0,goal_reached
652,162,flightroom_071353_q95,green_clock,green clock,24.701828981524983,194,1,1,0.37053566087163375,0,0,goal_reached
653,163,flightroom_071718_q20,yellow_handheld_cordless_drill_on_two_boxes,yellow handheld cordless drill on two boxes,-35.10589198271501,670,0,0,1.932446225035672,0,0,timeout
654,163,flightroom_071718_q01,yellow_handheld_cordless_drill_on_two_boxes,yellow handheld cordless drill on two boxes,17.999101359713094,223,1,1,0.19287595096088336,0,0,goal_reached
655,163,flightroom_071718_q95,yellow_handheld_cordless_drill_on_two_boxes,yellow handheld cordless drill on two boxes,20.344677933946087,181,1,1,0.48712324146391434,0,0,goal_reached
656,163,flightroom_071353_q01,green_clock,green clock,-2.9018095952713665,670,0,0,0.1981060137645119,0,0,timeout
657,164,flightroom_071353_q02,green_clock,green clock,14.42243512547769,141,1,1,0.4493184675383219,0,0,goal_reached
658,164,flightroom_071718_q35,yellow_handheld_cordless_drill_on_two_boxes,yellow handheld cordless drill on two boxes,-39.61578133913689,155,0,0,0.6434844761006686,0,1,collision
659,164,flightroom_071353_q10,green_clock,green clock,17.013337400269158,133,1,1,0.33293976243826445,0,0,goal_reached
660,164,flightroom_071353_q70,green_clock,green clock,17.68174581920656,407,1,1,0.2887566754124387,0,0,goal_reached
661,165,flightroom_071353_q03,green_clock,green clock,18.26774054404992,179,1,1,0.42982116125217346,0,0,goal_reached
662,165,flightroom_071718_q50,yellow_handheld_cordless_drill_on_two_boxes,yellow handheld cordless drill on two boxes,11.467481548962184,132,1,1,0.41713072450339744,0,0,goal_reached
663,165,flightroom_071353_q01,green_clock,green clock,-2.3568462383278472,670,0,0,0.2085976725768322,0,0,timeout
664,165,flightroom_071718_q01,yellow_handheld_cordless_drill_on_two_boxes,yellow handheld cordless drill on two boxes,-37.22889073128533,153,0,0,0.7296268828743039,0,1,collision
665,166,flightroom_071718_q10,yellow_handheld_cordless_drill_on_two_boxes,yellow handheld cordless drill on two boxes,31.954253085962765,299,1,1,0.46969010158049546,0,0,goal_reached
666,166,flightroom_071353_q20,green_clock,green clock,20.372717935141512,293,1,1,0.17821894821333353,0,0,goal_reached
667,166,flightroom_071353_q00,green_clock,green clock,33.089412582808464,260,1,1,0.3803139902121483,0,0,goal_reached
668,166,flightroom_071353_q70,green_clock,green clock,15.295269829313902,611,1,1,0.29385532293180155,0,0,goal_reached
669,167,flightroom_071353_q02,green_clock,green clock,16.48226105697229,158,1,1,0.26620559293525053,0,0,goal_reached
670,167,flightroom_071353_q50,green_clock,green clock,17.141866323157124,145,1,1,0.4520737034165063,0,0,goal_reached
671,167,flightroom_071353_q35,green_clock,green clock,18.323412914272893,266,1,1,0.2463726802093677,0,0,goal_reached
672,167,flightroom_071718_q01,yellow_handheld_cordless_drill_on_two_boxes,yellow handheld cordless drill on two boxes,19.80693288476874,207,1,1,0.07650436939657447,0,0,goal_reached
673,168,flightroom_071718_q20,yellow_handheld_cordless_drill_on_two_boxes,yellow handheld cordless drill on two boxes,-40.41433417421359,670,0,0,1.92213485806317,0,0,timeout
674,168,flightroom_071353_q03,green_clock,green clock,16.758082451271672,138,1,1,0.3195043938031854,0,0,goal_reached
675,168,flightroom_071353_q35,green_clock,green clock,17.406432593514317,255,1,1,0.20137044506812588,0,0,goal_reached
676,168,flightroom_071353_q20,green_clock,green clock,20.863481888523687,270,1,1,0.19870431276983008,0,0,goal_reached
677,169,flightroom_071718_q10,yellow_handheld_cordless_drill_on_two_boxes,yellow handheld cordless drill on two boxes,29.5523199033101,245,1,1,0.45885520124970675,0,0,goal_reached
678,169,flightroom_071353_q70,green_clock,green clock,-10.478976101906577,670,0,0,0.4489615390440063,0,0,timeout
679,169,flightroom_071718_q20,yellow_handheld_cordless_drill_on_two_boxes,yellow handheld cordless drill on two boxes,-54.60963368978011,670,0,0,2.042387084476352,0,0,timeout
680,169,flightroom_071718_q35,yellow_handheld_cordless_drill_on_two_boxes,yellow handheld cordless drill on two boxes,-39.951761483361004,198,0,0,0.36988003239192857,0,1,collision
681,170,flightroom_071353_q10,green_clock,green clock,16.92819036364083,133,1,1,0.2897365986903171,0,0,goal_reached
682,170,flightroom_071353_q01,green_clock,green clock,-1.8596049809897792,670,0,0,0.1928977317256633,0,0,timeout
683,170,flightroom_071718_q01,yellow_handheld_cordless_drill_on_two_boxes,yellow handheld cordless drill on two boxes,20.21535859834963,249,1,1,0.4370573763631141,0,0,goal_reached
684,170,flightroom_071353_q03,green_clock,green clock,17.103239766672253,139,1,1,0.28735824965198925,0,0,goal_reached
685,171,flightroom_071353_q35,green_clock,green clock,16.552809040320085,263,1,1,0.34124595852066064,0,0,goal_reached
686,171,flightroom_071718_q00,yellow_handheld_cordless_drill_on_two_boxes,yellow handheld cordless drill on two boxes,31.898273971286613,378,1,1,0.4915569665086267,0,0,goal_reached
687,171,flightroom_071353_q20,green_clock,green clock,11.906621151669688,373,1,1,0.07859523352158342,0,0,goal_reached
688,171,flightroom_071718_q70,yellow_handheld_cordless_drill_on_two_boxes,yellow handheld cordless drill on two boxes,28.240236577494866,241,1,1,0.47353718637749503,0,0,goal_reached
689,172,flightroom_071353_q95,green_clock,green clock,23.52074668427771,191,1,1,0.4173757546641984,0,0,goal_reached
690,172,flightroom_071718_q01,yellow_handheld_cordless_drill_on_two_boxes,yellow handheld cordless drill on two boxes,-37.013677526778636,154,0,0,0.6985210772416546,0,1,collision
691,172,flightroom_071353_q35,green_clock,green clock,15.001126925639813,263,1,1,0.23215523195312904,0,0,goal_reached
692,172,flightroom_071353_q03,green_clock,green clock,15.525930854928204,135,1,1,0.432778880052619,0,0,goal_reached
693,173,flightroom_071353_q01,green_clock,green clock,26.908548406033365,325,1,1,0.3411237038246266,0,0,goal_reached
694,173,flightroom_071718_q10,yellow_handheld_cordless_drill_on_two_boxes,yellow handheld cordless drill on two boxes,29.43969287669136,247,1,1,0.4921105801195592,0,0,goal_reached
695,173,flightroom_071353_q10,green_clock,green clock,17.44852309428268,134,1,1,0.26840064334154085,0,0,goal_reached
696,173,flightroom_071718_q50,yellow_handheld_cordless_drill_on_two_boxes,yellow handheld cordless drill on two boxes,11.486397140640143,102,1,1,0.4032714857086978,0,0,goal_reached
697,174,flightroom_071353_q00,green_clock,green clock,32.04963951595155,251,1,1,0.42008524515100243,0,0,goal_reached
698,174,flightroom_071353_q50,green_clock,green clock,18.725403817470045,165,1,1,0.3162629907481814,0,0,goal_reached
699,174,flightroom_071718_q95,yellow_handheld_cordless_drill_on_two_boxes,yellow handheld cordless drill on two boxes,21.967315909638124,234,1,1,0.45600625157957214,0,0,goal_reached
700,174,flightroom_071718_q02,yellow_handheld_cordless_drill_on_two_boxes,yellow handheld cordless drill on two boxes,19.829963541168034,186,1,1,0.43840480195796105,0,0,goal_reached
701,175,flightroom_071718_q35,yellow_handheld_cordless_drill_on_two_boxes,yellow handheld cordless drill on two boxes,-39.76223865977003,197,0,0,0.3127284392144475,0,1,collision
702,175,flightroom_071353_q95,green_clock,green clock,24.33680645385491,197,1,1,0.38713920813069086,0,0,goal_reached
703,175,flightroom_071353_q70,green_clock,green clock,-7.342805614289242,670,0,0,0.1035389774057517,0,0,timeout
704,175,flightroom_071718_q00,yellow_handheld_cordless_drill_on_two_boxes,yellow handheld cordless drill on two boxes,31.727641328461186,281,1,1,0.46920290493044253,0,0,goal_reached
705,176,flightroom_071718_q70,yellow_handheld_cordless_drill_on_two_boxes,yellow handheld cordless drill on two boxes,29.387820261673074,280,1,1,0.4414040574531461,0,0,goal_reached
706,176,flightroom_071718_q01,yellow_handheld_cordless_drill_on_two_boxes,yellow handheld cordless drill on two boxes,-36.178827651585166,163,0,0,0.4228350403460912,0,1,collision
707,176,flightroom_071353_q95,green_clock,green clock,24.51111935627258,193,1,1,0.30002977049640067,0,0,goal_reached
708,176,flightroom_071353_q20,green_clock,green clock,19.437138264412802,302,1,1,0.20865648757131597,0,0,goal_reached
709,177,flightroom_071353_q95,green_clock,green clock,24.945155863159986,194,1,1,0.2506512613198374,0,0,goal_reached
710,177,flightroom_071718_q35,yellow_handheld_cordless_drill_on_two_boxes,yellow handheld cordless drill on two boxes,-39.578445929617956,200,0,0,0.3245155829782001,0,1,collision
711,177,flightroom_071718_q03,yellow_handheld_cordless_drill_on_two_boxes,yellow handheld cordless drill on two boxes,12.106041809214176,185,1,1,0.29958289827204504,0,0,goal_reached
712,177,flightroom_071353_q50,green_clock,green clock,17.82234503946217,148,1,1,0.4285910671230452,0,0,goal_reached
713,178,flightroom_071353_q02,green_clock,green clock,13.80691442656153,136,1,1,0.4584056123698049,0,0,goal_reached
714,178,flightroom_071353_q00,green_clock,green clock,31.833247358420202,249,1,1,0.4241585513898597,0,0,goal_reached
715,178,flightroom_071353_q10,green_clock,green clock,17.209533330206142,129,1,1,0.28346665044095265,0,0,goal_reached
716,178,flightroom_071353_q03,green_clock,green clock,15.857530171075314,134,1,1,0.40016580614021136,0,0,goal_reached
717,179,flightroom_071718_q20,yellow_handheld_cordless_drill_on_two_boxes,yellow handheld cordless drill on two boxes,-31.297144703024955,670,0,0,1.7569439841465644,0,0,timeout
718,179,flightroom_071353_q02,green_clock,green clock,14.339370417175163,137,1,1,0.4298615117943723,0,0,goal_reached
719,179,flightroom_071353_q00,green_clock,green clock,31.90551701749417,251,1,1,0.4285341585853355,0,0,goal_reached
720,179,flightroom_071353_q20,green_clock,green clock,13.079878575064125,354,1,1,0.2561330101290689,0,0,goal_reached
721,180,flightroom_071718_q20,yellow_handheld_cordless_drill_on_two_boxes,yellow handheld cordless drill on two boxes,-41.29607439346633,670,0,0,1.9706063592668017,0,0,timeout
722,180,flightroom_071353_q95,green_clock,green clock,24.620997513252846,201,1,1,0.40316616012618733,0,0,goal_reached
723,180,flightroom_071353_q10,green_clock,green clock,17.86587079294541,132,1,1,0.29046828733281793,0,0,goal_reached
724,180,flightroom_071718_q03,yellow_handheld_cordless_drill_on_two_boxes,yellow handheld cordless drill on two boxes,12.863107863197676,157,1,1,0.2870216569442801,0,0,goal_reached
725,181,flightroom_071353_q03,green_clock,green clock,15.749094419806351,136,1,1,0.38866392794759597,0,0,goal_reached
726,181,flightroom_071718_q01,yellow_handheld_cordless_drill_on_two_boxes,yellow handheld cordless drill on two boxes,-36.564684013504,156,0,0,0.5066117342553266,0,1,collision
727,181,flightroom_071353_q10,green_clock,green clock,18.159162109342358,130,1,1,0.23944118351350321,0,0,goal_reached
728,181,flightroom_071353_q50,green_clock,green clock,18.115278018110445,148,1,1,0.38698906191448323,0,0,goal_reached
729,182,flightroom_071353_q02,green_clock,green clock,14.903974143069924,141,1,1,0.42900699697779676,0,0,goal_reached
730,182,flightroom_071718_q10,yellow_handheld_cordless_drill_on_two_boxes,yellow handheld cordless drill on two boxes,30.537717774330023,251,1,1,0.4147889790958372,0,0,goal_reached
731,182,flightroom_071718_q70,yellow_handheld_cordless_drill_on_two_boxes,yellow handheld cordless drill on two boxes,31.562922500897486,290,1,1,0.4584208464272624,0,0,goal_reached
732,182,flightroom_071718_q01,yellow_handheld_cordless_drill_on_two_boxes,yellow handheld cordless drill on two boxes,-37.18586600132672,160,0,0,0.716592582127187,0,1,collision
733,183,flightroom_071353_q35,green_clock,green clock,19.94239023811045,290,1,1,0.31247989413732147,0,0,goal_reached
734,183,flightroom_071718_q35,yellow_handheld_cordless_drill_on_two_boxes,yellow handheld cordless drill on two boxes,-39.931062332907715,157,0,0,0.6329867742557765,0,1,collision
735,183,flightroom_071353_q50,green_clock,green clock,18.50565542814859,151,1,1,0.39940859565560577,0,0,goal_reached
736,183,flightroom_071353_q10,green_clock,green clock,17.26828273118784,131,1,1,0.19450792233102246,0,0,goal_reached
737,184,flightroom_071353_q03,green_clock,green clock,15.818809846441937,133,1,1,0.37879208629706185,0,0,goal_reached
738,184,flightroom_071718_q03,yellow_handheld_cordless_drill_on_two_boxes,yellow handheld cordless drill on two boxes,10.701043833165972,178,1,1,0.3675406385019634,0,0,goal_reached
739,184,flightroom_071353_q35,green_clock,green clock,15.64342412709921,275,1,1,0.34871562104719517,0,0,goal_reached
740,184,flightroom_071718_q10,yellow_handheld_cordless_drill_on_two_boxes,yellow handheld cordless drill on two boxes,30.01440962710469,250,1,1,0.45126410325205085,0,0,goal_reached
741,185,flightroom_071718_q02,yellow_handheld_cordless_drill_on_two_boxes,yellow handheld cordless drill on two boxes,19.49853640362314,183,1,1,0.46077461391128494,0,0,goal_reached
742,185,flightroom_071718_q35,yellow_handheld_cordless_drill_on_two_boxes,yellow handheld cordless drill on two boxes,-40.192513422320985,150,0,0,0.7553732549516062,0,1,collision
743,185,flightroom_071718_q20,yellow_handheld_cordless_drill_on_two_boxes,yellow handheld cordless drill on two boxes,-40.56257942421021,670,0,0,1.7501128306620404,0,0,timeout
744,185,flightroom_071353_q03,green_clock,green clock,17.007695660357914,137,1,1,0.30434422801393024,0,0,goal_reached
745,186,flightroom_071718_q35,yellow_handheld_cordless_drill_on_two_boxes,yellow handheld cordless drill on two boxes,-40.54317696886738,148,0,0,0.7954310870107273,0,1,collision
746,186,flightroom_071718_q50,yellow_handheld_cordless_drill_on_two_boxes,yellow handheld cordless drill on two boxes,11.43753650854371,119,1,1,0.3913649800477359,0,0,goal_reached
747,186,flightroom_071353_q10,green_clock,green clock,16.341616263870463,129,1,1,0.28628641147901784,0,0,goal_reached
748,186,flightroom_071353_q95,green_clock,green clock,24.15371833196512,201,1,1,0.43601473383519807,0,0,goal_reached
749,187,flightroom_071353_q50,green_clock,green clock,18.393935892338817,162,1,1,0.34589706630080647,0,0,goal_reached
750,187,flightroom_071353_q01,green_clock,green clock,27.102339855770317,352,1,1,0.3472697934831507,0,0,goal_reached
751,187,flightroom_071353_q35,green_clock,green clock,18.230713416941096,320,1,1,0.32596833737851666,0,0,goal_reached
752,187,flightroom_071718_q00,yellow_handheld_cordless_drill_on_two_boxes,yellow handheld cordless drill on two boxes,34.02838933348795,328,1,1,0.440788395411171,0,0,goal_reached
753,188,flightroom_071353_q70,green_clock,green clock,22.61085905619167,456,1,1,0.44414266070475344,0,0,goal_reached
754,188,flightroom_071718_q00,yellow_handheld_cordless_drill_on_two_boxes,yellow handheld cordless drill on two boxes,31.80121389330376,272,1,1,0.4940532492639789,0,0,goal_reached
755,188,flightroom_071353_q10,green_clock,green clock,16.6248950971622,126,1,1,0.2953795180167351,0,0,goal_reached
756,188,flightroom_071353_q02,green_clock,green clock,16.406172601447906,175,1,1,0.22387856832440275,0,0,goal_reached
757,189,flightroom_071718_q03,yellow_handheld_cordless_drill_on_two_boxes,yellow handheld cordless drill on two boxes,12.216246968018673,270,1,1,0.407419405784964,0,0,goal_reached
758,189,flightroom_071353_q00,green_clock,green clock,32.64727128441354,258,1,1,0.4003228672241516,0,0,goal_reached
759,189,flightroom_071718_q50,yellow_handheld_cordless_drill_on_two_boxes,yellow handheld cordless drill on two boxes,12.350020465715783,114,1,1,0.3018416045634413,0,0,goal_reached
760,189,flightroom_071353_q03,green_clock,green clock,16.440959269524782,134,1,1,0.3265761158535819,0,0,goal_reached
761,190,flightroom_071353_q01,green_clock,green clock,5.403218604066236,670,0,0,0.5462681954738936,0,0,timeout
762,190,flightroom_071718_q01,yellow_handheld_cordless_drill_on_two_boxes,yellow handheld cordless drill on two boxes,-36.84492857189999,209,0,0,0.33812328152879556,0,1,collision
763,190,flightroom_071718_q35,yellow_handheld_cordless_drill_on_two_boxes,yellow handheld cordless drill on two boxes,-40.17046693608147,147,0,0,0.7668367874656068,0,1,collision
764,190,flightroom_071718_q50,yellow_handheld_cordless_drill_on_two_boxes,yellow handheld cordless drill on two boxes,11.476623329243141,101,1,1,0.3871668829112478,0,0,goal_reached
765,191,flightroom_071353_q95,green_clock,green clock,24.67750491508336,206,1,1,0.4140354138029875,0,0,goal_reached
766,191,flightroom_071718_q95,yellow_handheld_cordless_drill_on_two_boxes,yellow handheld cordless drill on two boxes,20.065654104542435,180,1,1,0.48797901653623693,0,0,goal_reached
767,191,flightroom_071353_q50,green_clock,green clock,19.207511833960346,172,1,1,0.35046976654712664,0,0,goal_reached
768,191,flightroom_071353_q20,green_clock,green clock,21.37070404783083,297,1,1,0.3543322433561861,0,0,goal_reached
769,192,flightroom_071718_q03,yellow_handheld_cordless_drill_on_two_boxes,yellow handheld cordless drill on two boxes,10.972963130927065,196,1,1,0.2944996953645986,0,0,goal_reached
770,192,flightroom_071718_q50,yellow_handheld_cordless_drill_on_two_boxes,yellow handheld cordless drill on two boxes,11.823871737066623,104,1,1,0.34806453023582307,0,0,goal_reached
771,192,flightroom_071353_q02,green_clock,green clock,13.43074002609161,137,1,1,0.4910317672813998,0,0,goal_reached
772,192,flightroom_071353_q00,green_clock,green clock,31.09269903232439,246,1,1,0.4452444737913067,0,0,goal_reached
773,193,flightroom_071353_q00,green_clock,green clock,33.885391965472145,270,1,1,0.3799261245923081,0,0,goal_reached
774,193,flightroom_071353_q03,green_clock,green clock,15.37558090125918,142,1,1,0.4775875113111711,0,0,goal_reached
775,193,flightroom_071353_q10,green_clock,green clock,17.43250639348275,132,1,1,0.24253579209570555,0,0,goal_reached
776,193,flightroom_071718_q02,yellow_handheld_cordless_drill_on_two_boxes,yellow handheld cordless drill on two boxes,-24.235431870013898,670,0,0,1.8541712069117395,0,0,timeout
777,194,flightroom_071353_q50,green_clock,green clock,16.972670917317934,143,1,1,0.4480311985557957,0,0,goal_reached
778,194,flightroom_071718_q35,yellow_handheld_cordless_drill_on_two_boxes,yellow handheld cordless drill on two boxes,-40.53392326223724,211,0,0,0.44993487833486695,0,1,collision
779,194,flightroom_071718_q01,yellow_handheld_cordless_drill_on_two_boxes,yellow handheld cordless drill on two boxes,-36.821654806864075,213,0,0,0.37354221931244147,0,1,collision
780,194,flightroom_071718_q02,yellow_handheld_cordless_drill_on_two_boxes,yellow handheld cordless drill on two boxes,18.933075931642968,177,1,1,0.45689536927536417,0,0,goal_reached
781,195,flightroom_071718_q02,yellow_handheld_cordless_drill_on_two_boxes,yellow handheld cordless drill on two boxes,19.73885963603892,181,1,1,0.4231415532693177,0,0,goal_reached
782,195,flightroom_071718_q70,yellow_handheld_cordless_drill_on_two_boxes,yellow handheld cordless drill on two boxes,33.129178438317425,290,1,1,0.25010472160698954,0,0,goal_reached
783,195,flightroom_071718_q01,yellow_handheld_cordless_drill_on_two_boxes,yellow handheld cordless drill on two boxes,-36.822087791084186,157,0,0,0.5998813698090245,0,1,collision
784,195,flightroom_071718_q95,yellow_handheld_cordless_drill_on_two_boxes,yellow handheld cordless drill on two boxes,22.859275022249065,215,1,1,0.4350476623201902,0,0,goal_reached
785,196,flightroom_071353_q20,green_clock,green clock,22.703683141539816,272,1,1,0.3863280484634308,0,0,goal_reached
786,196,flightroom_071718_q70,yellow_handheld_cordless_drill_on_two_boxes,yellow handheld cordless drill on two boxes,30.976242146794668,445,1,1,0.4236728756097527,0,0,goal_reached
787,196,flightroom_071718_q03,yellow_handheld_cordless_drill_on_two_boxes,yellow handheld cordless drill on two boxes,12.026210428520018,181,1,1,0.24860583037582548,0,0,goal_reached
788,196,flightroom_071718_q20,yellow_handheld_cordless_drill_on_two_boxes,yellow handheld cordless drill on two boxes,-17.562304971913395,670,0,0,1.6638212297723143,0,0,timeout
789,197,flightroom_071718_q02,yellow_handheld_cordless_drill_on_two_boxes,yellow handheld cordless drill on two boxes,20.592142605321172,185,1,1,0.35557610367520626,0,0,goal_reached
790,197,flightroom_071718_q35,yellow_handheld_cordless_drill_on_two_boxes,yellow handheld cordless drill on two boxes,-25.822365631823242,670,0,0,1.4176832516190085,0,0,timeout
791,197,flightroom_071353_q95,green_clock,green clock,24.905519502910206,203,1,1,0.32886780024110657,0,0,goal_reached
792,197,flightroom_071718_q00,yellow_handheld_cordless_drill_on_two_boxes,yellow handheld cordless drill on two boxes,32.85255422585364,283,1,1,0.40671665254084083,0,0,goal_reached
793,198,flightroom_071718_q95,yellow_handheld_cordless_drill_on_two_boxes,yellow handheld cordless drill on two boxes,21.986418693396057,238,1,1,0.4183920326782107,0,0,goal_reached
794,198,flightroom_071353_q02,green_clock,green clock,16.278198970730394,158,1,1,0.2928656984100194,0,0,goal_reached
795,198,flightroom_071718_q20,yellow_handheld_cordless_drill_on_two_boxes,yellow handheld cordless drill on two boxes,13.986776535620077,670,0,0,1.2294466083335311,0,0,timeout
796,198,flightroom_071718_q03,yellow_handheld_cordless_drill_on_two_boxes,yellow handheld cordless drill on two boxes,10.134844656005164,214,1,1,0.41162967435775794,0,0,goal_reached
797,199,flightroom_071353_q03,green_clock,green clock,17.011702940003072,137,1,1,0.28894597470857214,0,0,goal_reached
798,199,flightroom_071353_q35,green_clock,green clock,15.44919158288387,280,1,1,0.12648085770204512,0,0,goal_reached
799,199,flightroom_071353_q02,green_clock,green clock,15.693030305247646,158,1,1,0.35599923897609154,0,0,goal_reached
800,199,flightroom_071718_q70,yellow_handheld_cordless_drill_on_two_boxes,yellow handheld cordless drill on two boxes,-11.962840341732477,670,0,0,0.9406409610032213,0,0,timeout
801,200,flightroom_071718_q03,yellow_handheld_cordless_drill_on_two_boxes,yellow handheld cordless drill on two boxes,11.143178712094734,162,1,1,0.3638589344885213,0,0,goal_reached
802,200,flightroom_071718_q95,yellow_handheld_cordless_drill_on_two_boxes,yellow handheld cordless drill on two boxes,21.057386306891956,209,1,1,0.49014200603712815,0,0,goal_reached
803,200,flightroom_071353_q03,green_clock,green clock,16.350955098295742,135,1,1,0.33577729520448807,0,0,goal_reached
804,200,flightroom_071353_q10,green_clock,green clock,17.559823446013,132,1,1,0.24283052296185215,0,0,goal_reached
805,201,flightroom_071718_q03,yellow_handheld_cordless_drill_on_two_boxes,yellow handheld cordless drill on two boxes,12.456045936912677,158,1,1,0.2725023957718293,0,0,goal_reached
806,201,flightroom_071353_q70,green_clock,green clock,23.662785850637135,514,1,1,0.36821803669626985,0,0,goal_reached
807,201,flightroom_071353_q03,green_clock,green clock,17.180536228640218,137,1,1,0.25463102089677886,0,0,goal_reached
808,201,flightroom_071718_q20,yellow_handheld_cordless_drill_on_two_boxes,yellow handheld cordless drill on two boxes,-25.88816368748849,670,0,0,1.7487535857287757,0,0,timeout
809,202,flightroom_071718_q02,yellow_handheld_cordless_drill_on_two_boxes,yellow handheld cordless drill on two boxes,19.801470237466496,182,1,1,0.43610076043248996,0,0,goal_reached
810,202,flightroom_071718_q50,yellow_handheld_cordless_drill_on_two_boxes,yellow handheld cordless drill on two boxes,11.334111818938794,121,1,1,0.4044052885736361,0,0,goal_reached
811,202,flightroom_071718_q35,yellow_handheld_cordless_drill_on_two_boxes,yellow handheld cordless drill on two boxes,-57.447930073575506,670,0,0,2.02299514903207,0,0,timeout
812,202,flightroom_071718_q70,yellow_handheld_cordless_drill_on_two_boxes,yellow handheld cordless drill on two boxes,27.944323128601056,235,1,1,0.4635224256497573,0,0,goal_reached
813,203,flightroom_071718_q20,yellow_handheld_cordless_drill_on_two_boxes,yellow handheld cordless drill on two boxes,-60.17357790264448,670,0,0,2.2037526494406428,0,0,timeout
814,203,flightroom_071353_q50,green_clock,green clock,18.52840249262248,147,1,1,0.2913564687116436,0,0,goal_reached
815,203,flightroom_071718_q10,yellow_handheld_cordless_drill_on_two_boxes,yellow handheld cordless drill on two boxes,30.928197265307308,246,1,1,0.35187777648346186,0,0,goal_reached
816,203,flightroom_071353_q35,green_clock,green clock,14.993083580299528,344,1,1,0.319311902089344,0,0,goal_reached
817,204,flightroom_071718_q00,yellow_handheld_cordless_drill_on_two_boxes,yellow handheld cordless drill on two boxes,32.23832907344143,283,1,1,0.4639256921267694,0,0,goal_reached
818,204,flightroom_071353_q95,green_clock,green clock,24.921814512606453,205,1,1,0.3629357396871444,0,0,goal_reached
819,204,flightroom_071718_q70,yellow_handheld_cordless_drill_on_two_boxes,yellow handheld cordless drill on two boxes,28.449208627071013,243,1,1,0.4712099304947827,0,0,goal_reached
820,204,flightroom_071353_q50,green_clock,green clock,18.049499753913654,151,1,1,0.4194855870394367,0,0,goal_reached
821,205,flightroom_071718_q95,yellow_handheld_cordless_drill_on_two_boxes,yellow handheld cordless drill on two boxes,23.021281557370813,227,1,1,0.4403186926574118,0,0,goal_reached
822,205,flightroom_071718_q03,yellow_handheld_cordless_drill_on_two_boxes,yellow handheld cordless drill on two boxes,8.788501804333624,287,1,1,0.4126763514528752,0,0,goal_reached
823,205,flightroom_071718_q00,yellow_handheld_cordless_drill_on_two_boxes,yellow handheld cordless drill on two boxes,30.988749588084524,266,1,1,0.44157204659776467,0,0,goal_reached
824,205,flightroom_071718_q10,yellow_handheld_cordless_drill_on_two_boxes,yellow handheld cordless drill on two boxes,29.24002319061414,238,1,1,0.49595019245100486,0,0,goal_reached
825,206,flightroom_071718_q02,yellow_handheld_cordless_drill_on_two_boxes,yellow handheld cordless drill on two boxes,20.492462234519408,183,1,1,0.3637763177456904,0,0,goal_reached
826,206,flightroom_071718_q50,yellow_handheld_cordless_drill_on_two_boxes,yellow handheld cordless drill on two boxes,12.787705636933099,115,1,1,0.2612581061035234,0,0,goal_reached
827,206,flightroom_071353_q95,green_clock,green clock,25.278960416730442,197,1,1,0.2486021925445146,0,0,goal_reached
828,206,flightroom_071353_q00,green_clock,green clock,33.66329697394504,253,1,1,0.22052861262168427,0,0,goal_reached
829,207,flightroom_071353_q00,green_clock,green clock,32.52571432177647,256,1,1,0.4281107253916695,0,0,goal_reached
830,207,flightroom_071718_q70,yellow_handheld_cordless_drill_on_two_boxes,yellow handheld cordless drill on two boxes,31.607606220364197,296,1,1,0.41741917727591205,0,0,goal_reached
831,207,flightroom_071718_q00,yellow_handheld_cordless_drill_on_two_boxes,yellow handheld cordless drill on two boxes,31.768689306986417,274,1,1,0.4448362380629455,0,0,goal_reached
832,207,flightroom_071718_q50,yellow_handheld_cordless_drill_on_two_boxes,yellow handheld cordless drill on two boxes,11.34009367319322,102,1,1,0.41684090121145123,0,0,goal_reached
833,208,flightroom_071718_q10,yellow_handheld_cordless_drill_on_two_boxes,yellow handheld cordless drill on two boxes,31.45842971615755,252,1,1,0.4112727351372084,0,0,goal_reached
834,208,flightroom_071353_q35,green_clock,green clock,19.32862692091525,254,1,1,0.32960782546797507,0,0,goal_reached
835,208,flightroom_071353_q70,green_clock,green clock,15.577047718118127,319,1,1,0.48544995589950585,0,0,goal_reached
836,208,flightroom_071718_q00,yellow_handheld_cordless_drill_on_two_boxes,yellow handheld cordless drill on two boxes,31.61037401568867,272,1,1,0.4191394006612132,0,0,goal_reached
837,209,flightroom_071718_q20,yellow_handheld_cordless_drill_on_two_boxes,yellow handheld cordless drill on two boxes,-63.75933196132161,670,0,0,2.429738532477011,0,0,timeout
838,209,flightroom_071353_q20,green_clock,green clock,22.920247990518824,278,1,1,0.33115075386868414,0,0,goal_reached
839,209,flightroom_071353_q35,green_clock,green clock,17.433488891007364,280,1,1,0.3244883504662623,0,0,goal_reached
840,209,flightroom_071718_q70,yellow_handheld_cordless_drill_on_two_boxes,yellow handheld cordless drill on two boxes,31.6819406087119,311,1,1,0.4572257426772766,0,0,goal_reached
841,210,flightroom_071718_q02,yellow_handheld_cordless_drill_on_two_boxes,yellow handheld cordless drill on two boxes,20.169912157814053,188,1,1,0.43122950091500195,0,0,goal_reached
842,210,flightroom_071353_q95,green_clock,green clock,24.8913747219923,205,1,1,0.38473583810430245,0,0,goal_reached
843,210,flightroom_071718_q03,yellow_handheld_cordless_drill_on_two_boxes,yellow handheld cordless drill on two boxes,11.541647527684242,227,1,1,0.46526279753820027,0,0,goal_reached
844,210,flightroom_071718_q01,yellow_handheld_cordless_drill_on_two_boxes,yellow handheld cordless drill on two boxes,18.9194338658586,192,1,1,0.36449129237011285,0,0,goal_reached
845,211,flightroom_071718_q20,yellow_handheld_cordless_drill_on_two_boxes,yellow handheld cordless drill on two boxes,-39.3631533919583,670,0,0,1.9061192025639522,0,0,timeout
846,211,flightroom_071353_q03,green_clock,green clock,16.42006706789607,137,1,1,0.37062506060576195,0,0,goal_reached
847,211,flightroom_071353_q02,green_clock,green clock,13.56786338508549,138,1,1,0.46389656999379486,0,0,goal_reached
848,211,flightroom_071718_q10,yellow_handheld_cordless_drill_on_two_boxes,yellow handheld cordless drill on two boxes,29.87114111844999,243,1,1,0.49119226549579753,0,0,goal_reached
849,212,flightroom_071718_q03,yellow_handheld_cordless_drill_on_two_boxes,yellow handheld cordless drill on two boxes,10.442623032081116,173,1,1,0.4513169924991788,0,0,goal_reached
850,212,flightroom_071353_q70,green_clock,green clock,21.755407174702867,265,1,1,0.34638565700053964,0,0,goal_reached
851,212,flightroom_071718_q35,yellow_handheld_cordless_drill_on_two_boxes,yellow handheld cordless drill on two boxes,-39.52803633363301,198,0,0,0.34058618049130257,0,1,collision
852,212,flightroom_071718_q50,yellow_handheld_cordless_drill_on_two_boxes,yellow handheld cordless drill on two boxes,11.145561682866743,107,1,1,0.45231682070192786,0,0,goal_reached
853,213,flightroom_071718_q01,yellow_handheld_cordless_drill_on_two_boxes,yellow handheld cordless drill on two boxes,18.715117839094177,174,1,1,0.3427072203235736,0,0,goal_reached
854,213,flightroom_071718_q02,yellow_handheld_cordless_drill_on_two_boxes,yellow handheld cordless drill on two boxes,19.078257043956942,180,1,1,0.48434590957411394,0,0,goal_reached
855,213,flightroom_071718_q10,yellow_handheld_cordless_drill_on_two_boxes,yellow handheld cordless drill on two boxes,29.477401117423668,236,1,1,0.45357071101739865,0,0,goal_reached
856,213,flightroom_071353_q20,green_clock,green clock,18.68955325142697,296,1,1,0.2963220032499359,0,0,goal_reached
857,214,flightroom_071718_q00,yellow_handheld_cordless_drill_on_two_boxes,yellow handheld cordless drill on two boxes,31.99597295045069,277,1,1,0.43861641865293194,0,0,goal_reached
858,214,flightroom_071718_q03,yellow_handheld_cordless_drill_on_two_boxes,yellow handheld cordless drill on two boxes,10.60790724944647,168,1,1,0.37749650898900283,0,0,goal_reached
859,214,flightroom_071718_q01,yellow_handheld_cordless_drill_on_two_boxes,yellow handheld cordless drill on two boxes,17.455324277225913,170,1,1,0.46269088298942707,0,0,goal_reached
860,214,flightroom_071353_q35,green_clock,green clock,19.867827920786628,264,1,1,0.37339283365094633,0,0,goal_reached
861,215,flightroom_071718_q20,yellow_handheld_cordless_drill_on_two_boxes,yellow handheld cordless drill on two boxes,-49.48133537239389,670,0,0,1.9463868662196384,0,0,timeout
862,215,flightroom_071353_q20,green_clock,green clock,20.658505493504745,230,1,1,0.3610057314277194,0,0,goal_reached
863,215,flightroom_071353_q50,green_clock,green clock,19.118472667249712,163,1,1,0.34915455611434604,0,0,goal_reached
864,215,flightroom_071353_q70,green_clock,green clock,17.557439478913068,157,1,1,0.392060213731398,0,0,goal_reached
865,216,flightroom_071353_q20,green_clock,green clock,21.618410783014024,256,1,1,0.33136369960554823,0,0,goal_reached
866,216,flightroom_071718_q35,yellow_handheld_cordless_drill_on_two_boxes,yellow handheld cordless drill on two boxes,-39.58345219735066,204,0,0,0.3300545809929514,0,1,collision
867,216,flightroom_071353_q02,green_clock,green clock,15.226782156925296,144,1,1,0.4215944484459216,0,0,goal_reached
868,216,flightroom_071718_q10,yellow_handheld_cordless_drill_on_two_boxes,yellow handheld cordless drill on two boxes,29.220123925284263,244,1,1,0.4883820771242374,0,0,goal_reached
869,217,flightroom_071353_q70,green_clock,green clock,20.261738984353688,232,1,1,0.32319253353317584,0,0,goal_reached
870,217,flightroom_071718_q00,yellow_handheld_cordless_drill_on_two_boxes,yellow handheld cordless drill on two boxes,33.11069547891914,318,1,1,0.4409377286880619,0,0,goal_reached
871,217,flightroom_071718_q95,yellow_handheld_cordless_drill_on_two_boxes,yellow handheld cordless drill on two boxes,21.94638933663536,224,1,1,0.427662660647366,0,0,goal_reached
872,217,flightroom_071353_q10,green_clock,green clock,16.687002469715814,127,1,1,0.31856470620288485,0,0,goal_reached
873,218,flightroom_071718_q00,yellow_handheld_cordless_drill_on_two_boxes,yellow handheld cordless drill on two boxes,32.67418907661265,308,1,1,0.4436797874289219,0,0,goal_reached
874,218,flightroom_071718_q50,yellow_handheld_cordless_drill_on_two_boxes,yellow handheld cordless drill on two boxes,11.613292420565372,135,1,1,0.3986326116142308,0,0,goal_reached
875,218,flightroom_071353_q00,green_clock,green clock,32.3692823834907,252,1,1,0.41551855741485355,0,0,goal_reached
876,218,flightroom_071353_q02,green_clock,green clock,15.962221355156599,159,1,1,0.32523713964872897,0,0,goal_reached
877,219,flightroom_071718_q70,yellow_handheld_cordless_drill_on_two_boxes,yellow handheld cordless drill on two boxes,0.864793490977469,670,0,0,0.49451956357514976,0,0,timeout
878,219,flightroom_071718_q95,yellow_handheld_cordless_drill_on_two_boxes,yellow handheld cordless drill on two boxes,17.469329381651924,606,1,1,0.4926692739865192,0,0,goal_reached
879,219,flightroom_071718_q50,yellow_handheld_cordless_drill_on_two_boxes,yellow handheld cordless drill on two boxes,12.226917313737609,173,1,1,0.47556531906019034,0,0,goal_reached
880,219,flightroom_071718_q10,yellow_handheld_cordless_drill_on_two_boxes,yellow handheld cordless drill on two boxes,30.013739220191553,336,1,1,0.49405385720983636,0,0,goal_reached
881,220,flightroom_071353_q35,green_clock,green clock,18.021040438790727,253,1,1,0.3408814578258043,0,0,goal_reached
882,220,flightroom_071353_q10,green_clock,green clock,17.081423522988455,129,1,1,0.32064715564198976,0,0,goal_reached
883,220,flightroom_071718_q03,yellow_handheld_cordless_drill_on_two_boxes,yellow handheld cordless drill on two boxes,11.121044039273695,166,1,1,0.31246231518197615,0,0,goal_reached
884,220,flightroom_071353_q50,green_clock,green clock,17.153506433138507,145,1,1,0.44282185268998114,0,0,goal_reached
885,221,flightroom_071353_q03,green_clock,green clock,16.88976118207958,139,1,1,0.28699012304847676,0,0,goal_reached
886,221,flightroom_071353_q70,green_clock,green clock,18.553990811172707,245,1,1,0.3535894268027672,0,0,goal_reached
887,221,flightroom_071353_q01,green_clock,green clock,27.316295647018258,317,1,1,0.2973201296330732,0,0,goal_reached
888,221,flightroom_071718_q03,yellow_handheld_cordless_drill_on_two_boxes,yellow handheld cordless drill on two boxes,11.447079134566778,153,1,1,0.3263936733306909,0,0,goal_reached
889,222,flightroom_071353_q70,green_clock,green clock,19.35490919141852,255,1,1,0.31403266606971864,0,0,goal_reached
890,222,flightroom_071353_q20,green_clock,green clock,17.868675459923857,315,1,1,0.290375355268455,0,0,goal_reached
891,222,flightroom_071718_q20,yellow_handheld_cordless_drill_on_two_boxes,yellow handheld cordless drill on two boxes,-40.49469040978745,670,0,0,1.7034652068481613,0,0,timeout
892,222,flightroom_071718_q03,yellow_handheld_cordless_drill_on_two_boxes,yellow handheld cordless drill on two boxes,13.451303419752069,219,1,1,0.22007975256446086,0,0,goal_reached
893,223,flightroom_071718_q95,yellow_handheld_cordless_drill_on_two_boxes,yellow handheld cordless drill on two boxes,20.275065481065333,177,1,1,0.45517555294385176,0,0,goal_reached
894,223,flightroom_071718_q70,yellow_handheld_cordless_drill_on_two_boxes,yellow handheld cordless drill on two boxes,27.98750989447135,239,1,1,0.4869526788450807,0,0,goal_reached
895,223,flightroom_071353_q03,green_clock,green clock,17.316979719170458,141,1,1,0.2822363555406624,0,0,goal_reached
896,223,flightroom_071718_q10,yellow_handheld_cordless_drill_on_two_boxes,yellow handheld cordless drill on two boxes,30.87828965635265,283,1,1,0.470909661920606,0,0,goal_reached
897,224,flightroom_071718_q10,yellow_handheld_cordless_drill_on_two_boxes,yellow handheld cordless drill on two boxes,32.17583489967449,284,1,1,0.42107984905895607,0,0,goal_reached
898,224,flightroom_071353_q50,green_clock,green clock,17.647895065361045,144,1,1,0.41190705043417997,0,0,goal_reached
899,224,flightroom_071353_q70,green_clock,green clock,17.349435457842333,300,1,1,0.4059047223182752,0,0,goal_reached
900,224,flightroom_071353_q00,green_clock,green clock,32.095756211122186,252,1,1,0.4072836168543247,0,0,goal_reached
901,225,flightroom_071718_q50,yellow_handheld_cordless_drill_on_two_boxes,yellow handheld cordless drill on two boxes,11.625401587303667,102,1,1,0.4099077354886982,0,0,goal_reached
902,225,flightroom_071353_q50,green_clock,green clock,18.011617577438884,145,1,1,0.3574598935567056,0,0,goal_reached
903,225,flightroom_071353_q20,green_clock,green clock,7.647335201561059,505,1,1,0.2261558203896043,0,0,goal_reached
904,225,flightroom_071353_q03,green_clock,green clock,16.678060560916997,139,1,1,0.32611226421944955,0,0,goal_reached
905,226,flightroom_071353_q20,green_clock,green clock,21.41442732230311,274,1,1,0.2801012670301535,0,0,goal_reached
906,226,flightroom_071353_q35,green_clock,green clock,16.890964481144003,256,1,1,0.25029866719157945,0,0,goal_reached
907,226,flightroom_071718_q10,yellow_handheld_cordless_drill_on_two_boxes,yellow handheld cordless drill on two boxes,29.76886705421636,246,1,1,0.4296127367320911,0,0,goal_reached
908,226,flightroom_071718_q70,yellow_handheld_cordless_drill_on_two_boxes,yellow handheld cordless drill on two boxes,27.864829645889575,236,1,1,0.4580851598196634,0,0,goal_reached
909,227,flightroom_071353_q35,green_clock,green clock,12.435874113255178,291,1,1,0.21503292395971255,0,0,goal_reached
910,227,flightroom_071353_q01,green_clock,green clock,25.52599995152243,372,1,1,0.3357456472319868,0,0,goal_reached
911,227,flightroom_071353_q10,green_clock,green clock,15.752901994869097,127,1,1,0.3767077231651831,0,0,goal_reached
912,227,flightroom_071353_q50,green_clock,green clock,17.0330533652266,144,1,1,0.46344886969942495,0,0,goal_reached
913,228,flightroom_071718_q35,yellow_handheld_cordless_drill_on_two_boxes,yellow handheld cordless drill on two boxes,-39.49584258253422,206,0,0,0.32942766537059254,0,1,collision
914,228,flightroom_071353_q95,green_clock,green clock,24.711847002896903,201,1,1,0.40861266818808545,0,0,goal_reached
915,228,flightroom_071718_q70,yellow_handheld_cordless_drill_on_two_boxes,yellow handheld cordless drill on two boxes,28.204690047936815,240,1,1,0.4728661414170298,0,0,goal_reached
916,228,flightroom_071718_q03,yellow_handheld_cordless_drill_on_two_boxes,yellow handheld cordless drill on two boxes,12.428282522086159,160,1,1,0.18696681121186048,0,0,goal_reached
917,229,flightroom_071353_q50,green_clock,green clock,16.71400347424555,143,1,1,0.47797830403880276,0,0,goal_reached
918,229,flightroom_071718_q20,yellow_handheld_cordless_drill_on_two_boxes,yellow handheld cordless drill on two boxes,-44.44696997311492,670,0,0,2.03544051535472,0,0,timeout
919,229,flightroom_071718_q10,yellow_handheld_cordless_drill_on_two_boxes,yellow handheld cordless drill on two boxes,32.365851002696964,282,1,1,0.4098250872495167,0,0,goal_reached
920,229,flightroom_071718_q03,yellow_handheld_cordless_drill_on_two_boxes,yellow handheld cordless drill on two boxes,12.33353742140147,158,1,1,0.19323848655137543,0,0,goal_reached
921,230,flightroom_071718_q70,yellow_handheld_cordless_drill_on_two_boxes,yellow handheld cordless drill on two boxes,30.780519022748965,290,1,1,0.4429691776314943,0,0,goal_reached
922,230,flightroom_071718_q95,yellow_handheld_cordless_drill_on_two_boxes,yellow handheld cordless drill on two boxes,21.667148007958325,201,1,1,0.44335616644353315,0,0,goal_reached
923,230,flightroom_071353_q70,green_clock,green clock,20.57367507669381,306,1,1,0.3595797522831421,0,0,goal_reached
924,230,flightroom_071353_q01,green_clock,green clock,24.804839844429857,347,1,1,0.3740630929966875,0,0,goal_reached
925,231,flightroom_071718_q10,yellow_handheld_cordless_drill_on_two_boxes,yellow handheld cordless drill on two boxes,29.22207952378615,243,1,1,0.46347830343689955,0,0,goal_reached
926,231,flightroom_071353_q00,green_clock,green clock,31.962574073643392,254,1,1,0.43178321593791946,0,0,goal_reached
927,231,flightroom_071353_q01,green_clock,green clock,27.13867884244466,316,1,1,0.32129032337736185,0,0,goal_reached
928,231,flightroom_071718_q95,yellow_handheld_cordless_drill_on_two_boxes,yellow handheld cordless drill on two boxes,24.779254764361,283,1,1,0.46559791157219227,0,0,goal_reached
929,232,flightroom_071353_q20,green_clock,green clock,20.106582149522772,276,1,1,0.34399238214047934,0,0,goal_reached
930,232,flightroom_071353_q50,green_clock,green clock,16.55040405399759,141,1,1,0.46129537119212843,0,0,goal_reached
931,232,flightroom_071353_q10,green_clock,green clock,16.01192402067322,126,1,1,0.3301518448667694,0,0,goal_reached
932,232,flightroom_071353_q70,green_clock,green clock,18.57526781267402,300,1,1,0.3536679167543804,0,0,goal_reached
933,233,flightroom_071718_q10,yellow_handheld_cordless_drill_on_two_boxes,yellow handheld cordless drill on two boxes,29.098532928776955,241,1,1,0.4509835876928124,0,0,goal_reached
934,233,flightroom_071353_q00,green_clock,green clock,31.803984716744008,252,1,1,0.4567950620479668,0,0,goal_reached
935,233,flightroom_071718_q20,yellow_handheld_cordless_drill_on_two_boxes,yellow handheld cordless drill on two boxes,12.18899654601309,670,0,0,0.3027728551350416,0,0,timeout
936,233,flightroom_071718_q00,yellow_handheld_cordless_drill_on_two_boxes,yellow handheld cordless drill on two boxes,36.42687162804818,412,1,1,0.4907963853216904,0,0,goal_reached
937,234,flightroom_071718_q35,yellow_handheld_cordless_drill_on_two_boxes,yellow handheld cordless drill on two boxes,-39.357189946517586,208,0,0,0.3087568401171493,0,1,collision
938,234,flightroom_071718_q95,yellow_handheld_cordless_drill_on_two_boxes,yellow handheld cordless drill on two boxes,26.547219511445157,318,1,1,0.4617389818420728,0,0,goal_reached
939,234,flightroom_071718_q01,yellow_handheld_cordless_drill_on_two_boxes,yellow handheld cordless drill on two boxes,19.44242717061283,223,1,1,0.1522097500027245,0,0,goal_reached
940,234,flightroom_071353_q00,green_clock,green clock,31.511533452421908,245,1,1,0.4306053525538871,0,0,goal_reached
941,235,flightroom_071718_q03,yellow_handheld_cordless_drill_on_two_boxes,yellow handheld cordless drill on two boxes,10.871348122855409,173,1,1,0.38359757735947303,0,0,goal_reached
942,235,flightroom_071353_q50,green_clock,green clock,19.023595911510405,164,1,1,0.3026013879794415,0,0,goal_reached
943,235,flightroom_071353_q03,green_clock,green clock,16.8519320193156,139,1,1,0.3239493391138496,0,0,goal_reached
944,235,flightroom_071353_q35,green_clock,green clock,17.572682607533714,268,1,1,0.32707971006817244,0,0,goal_reached
945,236,flightroom_071353_q02,green_clock,green clock,16.164575357023487,157,1,1,0.33679106761981836,0,0,goal_reached
946,236,flightroom_071353_q01,green_clock,green clock,-2.0079142929236085,670,0,0,0.18761469155900912,0,0,timeout
947,236,flightroom_071718_q95,yellow_handheld_cordless_drill_on_two_boxes,yellow handheld cordless drill on two boxes,23.695686736825536,302,1,1,0.44082507368727514,0,0,goal_reached
948,236,flightroom_071718_q03,yellow_handheld_cordless_drill_on_two_boxes,yellow handheld cordless drill on two boxes,11.137843786535877,184,1,1,0.3489300702275108,0,0,goal_reached
949,237,flightroom_071718_q03,yellow_handheld_cordless_drill_on_two_boxes,yellow handheld cordless drill on two boxes,10.636570363911959,181,1,1,0.42692694340840515,0,0,goal_reached
950,237,flightroom_071353_q01,green_clock,green clock,26.46592875661767,310,1,1,0.26771805667115295,0,0,goal_reached
951,237,flightroom_071353_q50,green_clock,green clock,18.852058174065967,163,1,1,0.3083997478069096,0,0,goal_reached
952,237,flightroom_071718_q10,yellow_handheld_cordless_drill_on_two_boxes,yellow handheld cordless drill on two boxes,29.89917192809128,246,1,1,0.4505487688731272,0,0,goal_reached
953,238,flightroom_071718_q70,yellow_handheld_cordless_drill_on_two_boxes,yellow handheld cordless drill on two boxes,35.953128937089325,427,1,1,0.46166259661765224,0,0,goal_reached
954,238,flightroom_071718_q00,yellow_handheld_cordless_drill_on_two_boxes,yellow handheld cordless drill on two boxes,36.68381025086111,479,1,1,0.46770900299385476,0,0,goal_reached
955,238,flightroom_071353_q95,green_clock,green clock,24.34423420785575,191,1,1,0.27832278846250225,0,0,goal_reached
956,238,flightroom_071353_q20,green_clock,green clock,18.34018076422467,290,1,1,0.31192320655360045,0,0,goal_reached
957,239,flightroom_071353_q70,green_clock,green clock,19.775910346822194,223,1,1,0.35030551782269476,0,0,goal_reached
958,239,flightroom_071353_q35,green_clock,green clock,16.189028709171204,236,1,1,0.35044010397514985,0,0,goal_reached
959,239,flightroom_071353_q01,green_clock,green clock,-1.9036314362287996,670,0,0,0.11313598273835941,0,0,timeout
960,239,flightroom_071718_q01,yellow_handheld_cordless_drill_on_two_boxes,yellow handheld cordless drill on two boxes,18.573843986324697,226,1,1,0.21973610110024844,0,0,goal_reached
961,240,flightroom_071718_q01,yellow_handheld_cordless_drill_on_two_boxes,yellow handheld cordless drill on two boxes,-36.96978724359894,159,0,0,0.7373526677251562,0,1,collision
962,240,flightroom_071353_q70,green_clock,green clock,20.450355103459536,253,1,1,0.34161942348458235,0,0,goal_reached
963,240,flightroom_071353_q01,green_clock,green clock,24.224301413916006,241,1,1,0.3762937018488885,0,0,goal_reached
964,240,flightroom_071718_q02,yellow_handheld_cordless_drill_on_two_boxes,yellow handheld cordless drill on two boxes,19.76179553914742,184,1,1,0.41503696997429657,0,0,goal_reached
965,241,flightroom_071353_q00,green_clock,green clock,31.374453330899055,248,1,1,0.4616733353415623,0,0,goal_reached
966,241,flightroom_071353_q01,green_clock,green clock,30.157261947204624,647,1,1,0.35384726457196686,0,0,goal_reached
967,241,flightroom_071353_q35,green_clock,green clock,18.603565584645857,258,1,1,0.3426234789390047,0,0,goal_reached
968,241,flightroom_071353_q02,green_clock,green clock,16.512241498110193,163,1,1,0.3385926367008196,0,0,goal_reached
969,242,flightroom_071353_q20,green_clock,green clock,20.82712562088642,257,1,1,0.2889603265650479,0,0,goal_reached
970,242,flightroom_071718_q35,yellow_handheld_cordless_drill_on_two_boxes,yellow handheld cordless drill on two boxes,-9.98119259450965,670,0,0,0.14388748097278273,0,0,timeout
971,242,flightroom_071718_q02,yellow_handheld_cordless_drill_on_two_boxes,yellow handheld cordless drill on two boxes,20.83843624467091,188,1,1,0.393270430332963,0,0,goal_reached
972,242,flightroom_071353_q03,green_clock,green clock,17.250293973143243,139,1,1,0.28645254164532374,0,0,goal_reached
973,243,flightroom_071718_q35,yellow_handheld_cordless_drill_on_two_boxes,yellow handheld cordless drill on two boxes,11.024705056245772,373,1,1,0.10135590300876844,0,0,goal_reached
974,243,flightroom_071353_q10,green_clock,green clock,16.268922360738117,134,1,1,0.39472432816321007,0,0,goal_reached
975,243,flightroom_071353_q20,green_clock,green clock,21.129310712326408,324,1,1,0.34884534755408386,0,0,goal_reached
976,243,flightroom_071353_q95,green_clock,green clock,23.87158354128859,197,1,1,0.4005682081502882,0,0,goal_reached
977,244,flightroom_071718_q95,yellow_handheld_cordless_drill_on_two_boxes,yellow handheld cordless drill on two boxes,27.058080381445134,404,1,1,0.45689759079258624,0,0,goal_reached
978,244,flightroom_071353_q20,green_clock,green clock,21.632492176056175,249,1,1,0.362037945988129,0,0,goal_reached
979,244,flightroom_071718_q01,yellow_handheld_cordless_drill_on_two_boxes,yellow handheld cordless drill on two boxes,18.512163926956227,226,1,1,0.27402518056209296,0,0,goal_reached
980,244,flightroom_071718_q02,yellow_handheld_cordless_drill_on_two_boxes,yellow handheld cordless drill on two boxes,20.13498429911258,183,1,1,0.3640599949494417,0,0,goal_reached
981,245,flightroom_071718_q50,yellow_handheld_cordless_drill_on_two_boxes,yellow handheld cordless drill on two boxes,11.166340074615658,102,1,1,0.4352946764550515,0,0,goal_reached
982,245,flightroom_071353_q01,green_clock,green clock,24.634707780644042,232,1,1,0.142062465973032,0,0,goal_reached
983,245,flightroom_071718_q95,yellow_handheld_cordless_drill_on_two_boxes,yellow handheld cordless drill on two boxes,26.668782897511996,311,1,1,0.4752642701500802,0,0,goal_reached
984,245,flightroom_071353_q20,green_clock,green clock,20.47522674536894,288,1,1,0.3574782588876501,0,0,goal_reached
985,246,flightroom_071353_q35,green_clock,green clock,15.170370407731525,207,1,1,0.3767737191665318,0,0,goal_reached
986,246,flightroom_071353_q02,green_clock,green clock,16.38589015576286,159,1,1,0.34033118740612733,0,0,goal_reached
987,246,flightroom_071718_q70,yellow_handheld_cordless_drill_on_two_boxes,yellow handheld cordless drill on two boxes,41.063120065830866,442,1,1,0.4680905846500597,0,0,goal_reached
988,246,flightroom_071718_q20,yellow_handheld_cordless_drill_on_two_boxes,yellow handheld cordless drill on two boxes,-46.72094401127907,670,0,0,1.7266427088843128,0,0,timeout
989,247,flightroom_071718_q03,yellow_handheld_cordless_drill_on_two_boxes,yellow handheld cordless drill on two boxes,11.214555397965475,205,1,1,0.39797193091776895,0,0,goal_reached
990,247,flightroom_071353_q95,green_clock,green clock,23.3117227838801,193,1,1,0.4402158681758335,0,0,goal_reached
991,247,flightroom_071353_q70,green_clock,green clock,21.16538293771585,226,1,1,0.3275529798857814,0,0,goal_reached
992,247,flightroom_071353_q50,green_clock,green clock,19.43990794407846,169,1,1,0.28099356660020586,0,0,goal_reached
993,248,flightroom_071353_q02,green_clock,green clock,16.386405980405236,172,1,1,0.3218715971080104,0,0,goal_reached
994,248,flightroom_071718_q20,yellow_handheld_cordless_drill_on_two_boxes,yellow handheld cordless drill on two boxes,-43.62305827772105,670,0,0,1.7312583214064086,0,0,timeout
995,248,flightroom_071353_q00,green_clock,green clock,30.641231904707062,248,1,1,0.49386698586517164,0,0,goal_reached
996,248,flightroom_071718_q02,yellow_handheld_cordless_drill_on_two_boxes,yellow handheld cordless drill on two boxes,20.74817617136752,186,1,1,0.3338373827560561,0,0,goal_reached
997,249,flightroom_071353_q03,green_clock,green clock,16.998061204471597,137,1,1,0.2895512239015415,0,0,goal_reached
998,249,flightroom_071718_q20,yellow_handheld_cordless_drill_on_two_boxes,yellow handheld cordless drill on two boxes,-44.568899909839516,670,0,0,1.7495767992269355,0,0,timeout
999,249,flightroom_071718_q01,yellow_handheld_cordless_drill_on_two_boxes,yellow handheld cordless drill on two boxes,19.010822133346892,217,1,1,0.26292402429717854,0,0,goal_reached
1000,249,flightroom_071353_q01,green_clock,green clock,1.7604097352632415,670,0,0,0.46994653581770696,0,0,timeout
1001,250,flightroom_071353_q00,green_clock,green clock,32.20106428135635,259,1,1,0.44879230137845616,0,0,goal_reached
1002,250,flightroom_071353_q20,green_clock,green clock,22.02270062823608,270,1,1,0.3416650126787683,0,0,goal_reached
1003,250,flightroom_071353_q02,green_clock,green clock,16.397848444803724,165,1,1,0.2959090916386096,0,0,goal_reached
1004,250,flightroom_071353_q70,green_clock,green clock,22.416816244343234,294,1,1,0.3361162358354159,0,0,goal_reached
1005,251,flightroom_071353_q10,green_clock,green clock,16.347744247355536,129,1,1,0.3479254448861904,0,0,goal_reached
1006,251,flightroom_071353_q02,green_clock,green clock,16.414488736917413,159,1,1,0.31947353468965856,0,0,goal_reached
1007,251,flightroom_071353_q20,green_clock,green clock,20.273636774169272,242,1,1,0.265127193754105,0,0,goal_reached
1008,251,flightroom_071718_q20,yellow_handheld_cordless_drill_on_two_boxes,yellow handheld cordless drill on two boxes,-15.011475764207631,670,0,0,1.4783696925065515,0,0,timeout
1009,252,flightroom_071718_q35,yellow_handheld_cordless_drill_on_two_boxes,yellow handheld cordless drill on two boxes,-39.41264460630125,208,0,0,0.28735609320039934,0,1,collision
1010,252,flightroom_071718_q02,yellow_handheld_cordless_drill_on_two_boxes,yellow handheld cordless drill on two boxes,19.87630530646063,186,1,1,0.4493905055500151,0,0,goal_reached
1011,252,flightroom_071353_q50,green_clock,green clock,17.543609995981527,147,1,1,0.43313178121124835,0,0,goal_reached
1012,252,flightroom_071718_q03,yellow_handheld_cordless_drill_on_two_boxes,yellow handheld cordless drill on two boxes,10.171506068261145,186,1,1,0.4658602760297794,0,0,goal_reached
1013,253,flightroom_071718_q03,yellow_handheld_cordless_drill_on_two_boxes,yellow handheld cordless drill on two boxes,10.015034266636759,165,1,1,0.4714740357976114,0,0,goal_reached
1014,253,flightroom_071353_q02,green_clock,green clock,16.15771739888806,166,1,1,0.31692349831331135,0,0,goal_reached
1015,253,flightroom_071353_q00,green_clock,green clock,30.86797870796652,247,1,1,0.4706639586996127,0,0,goal_reached
1016,253,flightroom_071353_q03,green_clock,green clock,17.43420959816917,139,1,1,0.25774773918006816,0,0,goal_reached
1017,254,flightroom_071718_q50,yellow_handheld_cordless_drill_on_two_boxes,yellow handheld cordless drill on two boxes,12.371742385363135,112,1,1,0.3292127984248784,0,0,goal_reached
1018,254,flightroom_071353_q35,green_clock,green clock,17.171987753591704,255,1,1,0.38441611457016023,0,0,goal_reached
1019,254,flightroom_071353_q95,green_clock,green clock,24.9035593821849,199,1,1,0.3291146670342938,0,0,goal_reached
1020,254,flightroom_071718_q03,yellow_handheld_cordless_drill_on_two_boxes,yellow handheld cordless drill on two boxes,12.673531213251179,254,1,1,0.43546069714944213,0,0,goal_reached
1021,255,flightroom_071353_q03,green_clock,green clock,17.43086820312145,139,1,1,0.256677777187955,0,0,goal_reached
1022,255,flightroom_071353_q95,green_clock,green clock,23.862629094184598,194,1,1,0.40414943906499606,0,0,goal_reached
1023,255,flightroom_071353_q70,green_clock,green clock,19.321013784869475,548,1,1,0.38392874682672945,0,0,goal_reached
1024,255,flightroom_071353_q50,green_clock,green clock,18.641528299961408,163,1,1,0.3285064157384301,0,0,goal_reached
1025,256,flightroom_071718_q03,yellow_handheld_cordless_drill_on_two_boxes,yellow handheld cordless drill on two boxes,11.5753437288605,206,1,1,0.39056988642432433,0,0,goal_reached
1026,256,flightroom_071718_q02,yellow_handheld_cordless_drill_on_two_boxes,yellow handheld cordless drill on two boxes,21.604855001590103,195,1,1,0.41023334620151874,0,0,goal_reached
1027,256,flightroom_071353_q20,green_clock,green clock,20.829489722237913,281,1,1,0.3589284769116888,0,0,goal_reached
1028,256,flightroom_071353_q70,green_clock,green clock,20.913940834584846,266,1,1,0.37713405577793,0,0,goal_reached
1029,257,flightroom_071353_q95,green_clock,green clock,24.316804015972984,197,1,1,0.38842099059589763,0,0,goal_reached
1030,257,flightroom_071353_q20,green_clock,green clock,20.642720479443863,267,1,1,0.30884860444960643,0,0,goal_reached
1031,257,flightroom_071718_q01,yellow_handheld_cordless_drill_on_two_boxes,yellow handheld cordless drill on two boxes,18.87048033458042,228,1,1,0.30767104557099084,0,0,goal_reached
1032,257,flightroom_071718_q35,yellow_handheld_cordless_drill_on_two_boxes,yellow handheld cordless drill on two boxes,-39.7627219829717,206,0,0,0.35338726919966534,0,1,collision
1033,258,flightroom_071353_q10,green_clock,green clock,17.351314231859348,131,1,1,0.24989555056342944,0,0,goal_reached
1034,258,flightroom_071718_q10,yellow_handheld_cordless_drill_on_two_boxes,yellow handheld cordless drill on two boxes,29.87794461269302,247,1,1,0.4456608606964612,0,0,goal_reached
1035,258,flightroom_071353_q20,green_clock,green clock,22.156397080810372,326,1,1,0.3871713876536288,0,0,goal_reached
1036,258,flightroom_071353_q00,green_clock,green clock,32.541712129056705,252,1,1,0.35976090700030566,0,0,goal_reached
1037,259,flightroom_071718_q03,yellow_handheld_cordless_drill_on_two_boxes,yellow handheld cordless drill on two boxes,10.372492565788171,202,1,1,0.43908578098754164,0,0,goal_reached
1038,259,flightroom_071353_q35,green_clock,green clock,17.330481667219757,258,1,1,0.3555215651424128,0,0,goal_reached
1039,259,flightroom_071353_q20,green_clock,green clock,21.159388517614687,298,1,1,0.32574056819058606,0,0,goal_reached
1040,259,flightroom_071353_q95,green_clock,green clock,24.017531483760326,189,1,1,0.3391087148906146,0,0,goal_reached
1041,260,flightroom_071718_q50,yellow_handheld_cordless_drill_on_two_boxes,yellow handheld cordless drill on two boxes,11.322494436879232,105,1,1,0.43962643092484854,0,0,goal_reached
1042,260,flightroom_071353_q00,green_clock,green clock,32.34534812022412,252,1,1,0.36871389075782546,0,0,goal_reached
1043,260,flightroom_071718_q01,yellow_handheld_cordless_drill_on_two_boxes,yellow handheld cordless drill on two boxes,-36.540379046114374,157,0,0,0.5504349097143406,0,1,collision
1044,260,flightroom_071353_q10,green_clock,green clock,17.074276497773006,130,1,1,0.27140344046272735,0,0,goal_reached
1045,261,flightroom_071718_q50,yellow_handheld_cordless_drill_on_two_boxes,yellow handheld cordless drill on two boxes,11.734567796295906,120,1,1,0.3828517012875774,0,0,goal_reached
1046,261,flightroom_071353_q02,green_clock,green clock,14.394168413313839,137,1,1,0.4707040420580849,0,0,goal_reached
1047,261,flightroom_071353_q20,green_clock,green clock,17.494990157124573,290,1,1,0.24372721938205813,0,0,goal_reached
1048,261,flightroom_071718_q00,yellow_handheld_cordless_drill_on_two_boxes,yellow handheld cordless drill on two boxes,38.08736225211787,439,1,1,0.4352578249110757,0,0,goal_reached
1049,262,flightroom_071718_q03,yellow_handheld_cordless_drill_on_two_boxes,yellow handheld cordless drill on two boxes,13.376031536319518,246,1,1,0.4578558741998346,0,0,goal_reached
1050,262,flightroom_071718_q00,yellow_handheld_cordless_drill_on_two_boxes,yellow handheld cordless drill on two boxes,31.435978170443974,283,1,1,0.4948735414543458,0,0,goal_reached
1051,262,flightroom_071353_q20,green_clock,green clock,21.464989197541154,274,1,1,0.30596633439040494,0,0,goal_reached
1052,262,flightroom_071353_q03,green_clock,green clock,17.224485676935323,140,1,1,0.28914385326180664,0,0,goal_reached
1053,263,flightroom_071353_q20,green_clock,green clock,19.802752807442385,250,1,1,0.28897660624862537,0,0,goal_reached
1054,263,flightroom_071353_q00,green_clock,green clock,31.706795367735563,249,1,1,0.43330689080440116,0,0,goal_reached
1055,263,flightroom_071718_q20,yellow_handheld_cordless_drill_on_two_boxes,yellow handheld cordless drill on two boxes,-16.886114755793056,670,0,0,1.4474660598379865,0,0,timeout
1056,263,flightroom_071718_q01,yellow_handheld_cordless_drill_on_two_boxes,yellow handheld cordless drill on two boxes,18.98534062392838,210,1,1,0.24517123519065598,0,0,goal_reached
1057,264,flightroom_071353_q95,green_clock,green clock,24.20875048841543,194,1,1,0.3521304264649133,0,0,goal_reached
1058,264,flightroom_071718_q02,yellow_handheld_cordless_drill_on_two_boxes,yellow handheld cordless drill on two boxes,19.576506878059913,185,1,1,0.45498493779561544,0,0,goal_reached
1059,264,flightroom_071353_q35,green_clock,green clock,16.759660632558425,268,1,1,0.34451579156331885,0,0,goal_reached
1060,264,flightroom_071718_q50,yellow_handheld_cordless_drill_on_two_boxes,yellow handheld cordless drill on two boxes,11.178296947840145,104,1,1,0.45008842683707573,0,0,goal_reached
1061,265,flightroom_071353_q01,green_clock,green clock,26.41125215987605,314,1,1,0.3050124555377655,0,0,goal_reached
1062,265,flightroom_071718_q10,yellow_handheld_cordless_drill_on_two_boxes,yellow handheld cordless drill on two boxes,31.47988279955556,323,1,1,0.4526824621678889,0,0,goal_reached
1063,265,flightroom_071353_q03,green_clock,green clock,17.233328637510052,136,1,1,0.27415568525389195,0,0,goal_reached
1064,265,flightroom_071718_q00,yellow_handheld_cordless_drill_on_two_boxes,yellow handheld cordless drill on two boxes,36.407024562304656,371,1,1,0.4592470253982336,0,0,goal_reached
1065,266,flightroom_071718_q01,yellow_handheld_cordless_drill_on_two_boxes,yellow handheld cordless drill on two boxes,-36.57012218070934,220,0,0,0.29573635476658433,0,1,collision
1066,266,flightroom_071718_q35,yellow_handheld_cordless_drill_on_two_boxes,yellow handheld cordless drill on two boxes,-40.034404080578945,153,0,0,0.6978362108856025,0,1,collision
1067,266,flightroom_071353_q70,green_clock,green clock,18.887290481791513,353,1,1,0.38030351463612017,0,0,goal_reached
1068,266,flightroom_071718_q70,yellow_handheld_cordless_drill_on_two_boxes,yellow handheld cordless drill on two boxes,38.19860123868576,516,1,1,0.4654621007940355,0,0,goal_reached
1069,267,flightroom_071353_q10,green_clock,green clock,16.42126201967012,130,1,1,0.2810738353531095,0,0,goal_reached
1070,267,flightroom_071353_q35,green_clock,green clock,16.85215621445283,263,1,1,0.34114520320838515,0,0,goal_reached
1071,267,flightroom_071353_q95,green_clock,green clock,23.685844937977002,192,1,1,0.4013571708208676,0,0,goal_reached
1072,267,flightroom_071718_q01,yellow_handheld_cordless_drill_on_two_boxes,yellow handheld cordless drill on two boxes,-36.06738600079369,173,0,0,0.5122902430858233,0,1,collision
1073,268,flightroom_071718_q02,yellow_handheld_cordless_drill_on_two_boxes,yellow handheld cordless drill on two boxes,22.251521928404983,298,1,1,0.4883959372375651,0,0,goal_reached
1074,268,flightroom_071353_q02,green_clock,green clock,16.425277214007373,167,1,1,0.339919060290665,0,0,goal_reached
1075,268,flightroom_071718_q00,yellow_handheld_cordless_drill_on_two_boxes,yellow handheld cordless drill on two boxes,28.247825308456747,503,1,1,0.4856965772203301,0,0,goal_reached
1076,268,flightroom_071353_q95,green_clock,green clock,23.829856583720712,193,1,1,0.4098608675638273,0,0,goal_reached
1077,269,flightroom_071353_q00,green_clock,green clock,31.322896028208564,247,1,1,0.44400233316961935,0,0,goal_reached
1078,269,flightroom_071353_q95,green_clock,green clock,23.672830391784494,191,1,1,0.41097036469704074,0,0,goal_reached
1079,269,flightroom_071718_q00,yellow_handheld_cordless_drill_on_two_boxes,yellow handheld cordless drill on two boxes,35.77779812212958,391,1,1,0.461419860452543,0,0,goal_reached
1080,269,flightroom_071718_q20,yellow_handheld_cordless_drill_on_two_boxes,yellow handheld cordless drill on two boxes,-5.971854576759572,670,0,0,1.4472246558585116,0,0,timeout
1081,270,flightroom_071353_q00,green_clock,green clock,32.18886121737967,249,1,1,0.4039388538216317,0,0,goal_reached
1082,270,flightroom_071718_q03,yellow_handheld_cordless_drill_on_two_boxes,yellow handheld cordless drill on two boxes,11.438181631536493,174,1,1,0.32111287431913105,0,0,goal_reached
1083,270,flightroom_071353_q10,green_clock,green clock,16.754806261037594,130,1,1,0.2885107585002051,0,0,goal_reached
1084,270,flightroom_071718_q02,yellow_handheld_cordless_drill_on_two_boxes,yellow handheld cordless drill on two boxes,19.58823098878233,182,1,1,0.47663456130013465,0,0,goal_reached
1085,271,flightroom_071718_q50,yellow_handheld_cordless_drill_on_two_boxes,yellow handheld cordless drill on two boxes,11.873595208649203,125,1,1,0.36696303707808253,0,0,goal_reached
1086,271,flightroom_071353_q95,green_clock,green clock,23.560303866788033,190,1,1,0.374514400344248,0,0,goal_reached
1087,271,flightroom_071353_q01,green_clock,green clock,21.517224622647507,389,1,1,0.43442736087513134,0,0,goal_reached
1088,271,flightroom_071718_q20,yellow_handheld_cordless_drill_on_two_boxes,yellow handheld cordless drill on two boxes,26.46104211704199,255,1,1,0.28920509038496806,0,0,goal_reached
1089,272,flightroom_071718_q02,yellow_handheld_cordless_drill_on_two_boxes,yellow handheld cordless drill on two boxes,24.09938535900345,202,1,1,0.3075219497109714,0,0,goal_reached
1090,272,flightroom_071718_q03,yellow_handheld_cordless_drill_on_two_boxes,yellow handheld cordless drill on two boxes,11.767183584599003,161,1,1,0.32324632975805595,0,0,goal_reached
1091,272,flightroom_071353_q00,green_clock,green clock,32.696331185227564,255,1,1,0.3933397279810549,0,0,goal_reached
1092,272,flightroom_071718_q50,yellow_handheld_cordless_drill_on_two_boxes,yellow handheld cordless drill on two boxes,11.86028612123409,119,1,1,0.3533127664994164,0,0,goal_reached
1093,273,flightroom_071718_q50,yellow_handheld_cordless_drill_on_two_boxes,yellow handheld cordless drill on two boxes,12.019643368629676,129,1,1,0.329456557537391,0,0,goal_reached
1094,273,flightroom_071353_q70,green_clock,green clock,13.863500063061888,507,1,1,0.45063122881033585,0,0,goal_reached
1095,273,flightroom_071353_q01,green_clock,green clock,-3.068091061617178,670,0,0,0.053610232925105576,0,0,timeout
1096,273,flightroom_071353_q95,green_clock,green clock,24.149574332870184,192,1,1,0.3794986562808979,0,0,goal_reached
1097,274,flightroom_071353_q50,green_clock,green clock,17.79716776670727,145,1,1,0.4137169739033505,0,0,goal_reached
1098,274,flightroom_071718_q01,yellow_handheld_cordless_drill_on_two_boxes,yellow handheld cordless drill on two boxes,-37.11321647927305,154,0,0,0.7213262857657171,0,1,collision
1099,274,flightroom_071353_q70,green_clock,green clock,-9.044927837448057,670,0,0,0.1397285015138464,0,0,timeout
1100,274,flightroom_071718_q02,yellow_handheld_cordless_drill_on_two_boxes,yellow handheld cordless drill on two boxes,19.548035348397732,181,1,1,0.4709723048622345,0,0,goal_reached
1101,275,flightroom_071718_q03,yellow_handheld_cordless_drill_on_two_boxes,yellow handheld cordless drill on two boxes,11.539631633802028,166,1,1,0.32804198673644125,0,0,goal_reached
1102,275,flightroom_071353_q02,green_clock,green clock,14.59278266617222,139,1,1,0.4318244427348013,0,0,goal_reached
1103,275,flightroom_071353_q50,green_clock,green clock,17.67623842191674,145,1,1,0.4231890428839766,0,0,goal_reached
1104,275,flightroom_071718_q02,yellow_handheld_cordless_drill_on_two_boxes,yellow handheld cordless drill on two boxes,19.70321841863176,182,1,1,0.4403764543299727,0,0,goal_reached
1105,276,flightroom_071353_q50,green_clock,green clock,17.287851023759767,142,1,1,0.4519310175448464,0,0,goal_reached
1106,276,flightroom_071718_q70,yellow_handheld_cordless_drill_on_two_boxes,yellow handheld cordless drill on two boxes,29.914880098804787,521,1,1,0.4715820315767707,0,0,goal_reached
1107,276,flightroom_071718_q00,yellow_handheld_cordless_drill_on_two_boxes,yellow handheld cordless drill on two boxes,33.65597550942535,342,1,1,0.473755985584604,0,0,goal_reached
1108,276,flightroom_071718_q10,yellow_handheld_cordless_drill_on_two_boxes,yellow handheld cordless drill on two boxes,31.03903439788351,513,1,1,0.46915571872863027,0,0,goal_reached
1109,277,flightroom_071718_q35,yellow_handheld_cordless_drill_on_two_boxes,yellow handheld cordless drill on two boxes,-39.48806727931752,202,0,0,0.309432006677907,0,1,collision
1110,277,flightroom_071353_q35,green_clock,green clock,16.826910138362642,247,1,1,0.3260951640088279,0,0,goal_reached
1111,277,flightroom_071718_q70,yellow_handheld_cordless_drill_on_two_boxes,yellow handheld cordless drill on two boxes,35.1782472383221,475,1,1,0.49357832132285967,0,0,goal_reached
1112,277,flightroom_071353_q00,green_clock,green clock,34.01470377310097,273,1,1,0.3539690485766307,0,0,goal_reached
1113,278,flightroom_071353_q00,green_clock,green clock,31.957828250420867,246,1,1,0.4055303294170975,0,0,goal_reached
1114,278,flightroom_071718_q02,yellow_handheld_cordless_drill_on_two_boxes,yellow handheld cordless drill on two boxes,20.054123115492015,182,1,1,0.3620610981949113,0,0,goal_reached
1115,278,flightroom_071718_q00,yellow_handheld_cordless_drill_on_two_boxes,yellow handheld cordless drill on two boxes,33.27926187476812,355,1,1,0.4652168738219817,0,0,goal_reached
1116,278,flightroom_071353_q03,green_clock,green clock,16.518978935215273,136,1,1,0.34275141984139856,0,0,goal_reached
1117,279,flightroom_071718_q01,yellow_handheld_cordless_drill_on_two_boxes,yellow handheld cordless drill on two boxes,18.49074178318111,222,1,1,0.2330856067520118,0,0,goal_reached
1118,279,flightroom_071353_q20,green_clock,green clock,21.574252435863166,274,1,1,0.3302093043648879,0,0,goal_reached
1119,279,flightroom_071353_q70,green_clock,green clock,19.01179162200071,494,1,1,0.3815374172507138,0,0,goal_reached
1120,279,flightroom_071353_q50,green_clock,green clock,17.94815578978806,148,1,1,0.4332264853104203,0,0,goal_reached
1121,280,flightroom_071353_q35,green_clock,green clock,16.06150121207762,245,1,1,0.3503393968390151,0,0,goal_reached
1122,280,flightroom_071718_q03,yellow_handheld_cordless_drill_on_two_boxes,yellow handheld cordless drill on two boxes,11.148894614700005,212,1,1,0.3269920825035013,0,0,goal_reached
1123,280,flightroom_071718_q50,yellow_handheld_cordless_drill_on_two_boxes,yellow handheld cordless drill on two boxes,11.816079710872447,135,1,1,0.37303321118773963,0,0,goal_reached
1124,280,flightroom_071718_q02,yellow_handheld_cordless_drill_on_two_boxes,yellow handheld cordless drill on two boxes,19.842542373045884,181,1,1,0.43276082188711035,0,0,goal_reached
1125,281,flightroom_071718_q50,yellow_handheld_cordless_drill_on_two_boxes,yellow handheld cordless drill on two boxes,11.414491963788201,142,1,1,0.443654318917002,0,0,goal_reached
1126,281,flightroom_071718_q02,yellow_handheld_cordless_drill_on_two_boxes,yellow handheld cordless drill on two boxes,20.062245975389423,182,1,1,0.3730768233930892,0,0,goal_reached
1127,281,flightroom_071353_q10,green_clock,green clock,16.542359646959756,129,1,1,0.3109668142926053,0,0,goal_reached
1128,281,flightroom_071718_q20,yellow_handheld_cordless_drill_on_two_boxes,yellow handheld cordless drill on two boxes,-1.7149186452143468,670,0,0,1.4838412573501547,0,0,timeout
1129,282,flightroom_071353_q00,green_clock,green clock,32.15814048459985,254,1,1,0.45294065086584345,0,0,goal_reached
1130,282,flightroom_071353_q35,green_clock,green clock,17.146122269686884,230,1,1,0.3486408759692097,0,0,goal_reached
1131,282,flightroom_071718_q10,yellow_handheld_cordless_drill_on_two_boxes,yellow handheld cordless drill on two boxes,32.11460735392607,308,1,1,0.47471984960106484,0,0,goal_reached
1132,282,flightroom_071353_q10,green_clock,green clock,16.479485584253837,128,1,1,0.30668824458090704,0,0,goal_reached
1133,283,flightroom_071718_q02,yellow_handheld_cordless_drill_on_two_boxes,yellow handheld cordless drill on two boxes,19.160904728755245,180,1,1,0.4363664329146541,0,0,goal_reached
1134,283,flightroom_071353_q10,green_clock,green clock,17.078683295109453,127,1,1,0.20040733065452968,0,0,goal_reached
1135,283,flightroom_071353_q35,green_clock,green clock,17.534709795486314,234,1,1,0.398072718429629,0,0,goal_reached
1136,283,flightroom_071718_q50,yellow_handheld_cordless_drill_on_two_boxes,yellow handheld cordless drill on two boxes,11.221772612087033,142,1,1,0.4505732033442487,0,0,goal_reached
1137,284,flightroom_071718_q00,yellow_handheld_cordless_drill_on_two_boxes,yellow handheld cordless drill on two boxes,30.531703369228264,265,1,1,0.49245301601779934,0,0,goal_reached
1138,284,flightroom_071718_q50,yellow_handheld_cordless_drill_on_two_boxes,yellow handheld cordless drill on two boxes,9.890445271217098,343,1,1,0.4884190177509271,0,0,goal_reached
1139,284,flightroom_071353_q01,green_clock,green clock,28.141937175016697,315,1,1,0.376896251356939,0,0,goal_reached
1140,284,flightroom_071718_q95,yellow_handheld_cordless_drill_on_two_boxes,yellow handheld cordless drill on two boxes,18.655309933790093,467,1,1,0.48029613584092745,0,0,goal_reached
1141,285,flightroom_071718_q02,yellow_handheld_cordless_drill_on_two_boxes,yellow handheld cordless drill on two boxes,19.5080915710652,180,1,1,0.40799674927694485,0,0,goal_reached
1142,285,flightroom_071718_q00,yellow_handheld_cordless_drill_on_two_boxes,yellow handheld cordless drill on two boxes,31.34848716729122,345,1,1,0.47443573130173794,0,0,goal_reached
1143,285,flightroom_071718_q20,yellow_handheld_cordless_drill_on_two_boxes,yellow handheld cordless drill on two boxes,8.07904137140498,670,0,0,1.2113328230505533,0,0,timeout
1144,285,flightroom_071718_q35,yellow_handheld_cordless_drill_on_two_boxes,yellow handheld cordless drill on two boxes,-39.46749213946583,208,0,0,0.3379333269071959,0,1,collision
1145,286,flightroom_071718_q03,yellow_handheld_cordless_drill_on_two_boxes,yellow handheld cordless drill on two boxes,10.464213882980708,160,1,1,0.41114817806408316,0,0,goal_reached
1146,286,flightroom_071353_q70,green_clock,green clock,-8.697713925755126,670,0,0,0.1687962164933633,0,0,timeout
1147,286,flightroom_071353_q35,green_clock,green clock,17.33614148247724,229,1,1,0.31929563887589474,0,0,goal_reached
1148,286,flightroom_071353_q20,green_clock,green clock,20.791882843162192,239,1,1,0.34724179743932604,0,0,goal_reached
1149,287,flightroom_071718_q01,yellow_handheld_cordless_drill_on_two_boxes,yellow handheld cordless drill on two boxes,18.083664371839212,181,1,1,0.43444501350412723,0,0,goal_reached
1150,287,flightroom_071718_q70,yellow_handheld_cordless_drill_on_two_boxes,yellow handheld cordless drill on two boxes,33.710952181130324,344,1,1,0.46893888569753067,0,0,goal_reached
1151,287,flightroom_071353_q00,green_clock,green clock,31.952204153272,246,1,1,0.39970249209560094,0,0,goal_reached
1152,287,flightroom_071718_q50,yellow_handheld_cordless_drill_on_two_boxes,yellow handheld cordless drill on two boxes,11.577955260962618,131,1,1,0.3988674223921154,0,0,goal_reached
1153,288,flightroom_071718_q95,yellow_handheld_cordless_drill_on_two_boxes,yellow handheld cordless drill on two boxes,29.772351985783608,561,1,1,0.4710337013248277,0,0,goal_reached
1154,288,flightroom_071353_q03,green_clock,green clock,17.359590968274965,136,1,1,0.23891209731976598,0,0,goal_reached
1155,288,flightroom_071718_q00,yellow_handheld_cordless_drill_on_two_boxes,yellow handheld cordless drill on two boxes,33.28237994330775,391,1,1,0.47902785290399463,0,0,goal_reached
1156,288,flightroom_071353_q35,green_clock,green clock,15.886973940155945,216,1,1,0.29921639609458534,0,0,goal_reached
1157,289,flightroom_071353_q03,green_clock,green clock,16.883904005472232,136,1,1,0.3090112436113335,0,0,goal_reached
1158,289,flightroom_071353_q70,green_clock,green clock,-7.574859330633721,670,0,0,0.19954344676157806,0,0,timeout
1159,289,flightroom_071718_q01,yellow_handheld_cordless_drill_on_two_boxes,yellow handheld cordless drill on two boxes,-36.22317573626052,226,0,0,0.2854084238787063,0,1,collision
1160,289,flightroom_071718_q03,yellow_handheld_cordless_drill_on_two_boxes,yellow handheld cordless drill on two boxes,-46.77968280156503,38,0,0,1.199148067118337,0,1,collision
1161,290,flightroom_071718_q01,yellow_handheld_cordless_drill_on_two_boxes,yellow handheld cordless drill on two boxes,19.58505613444672,197,1,1,0.20259629223539843,0,0,goal_reached
1162,290,flightroom_071718_q95,yellow_handheld_cordless_drill_on_two_boxes,yellow handheld cordless drill on two boxes,26.401495534066076,313,1,1,0.47711418832250363,0,0,goal_reached
1163,290,flightroom_071718_q70,yellow_handheld_cordless_drill_on_two_boxes,yellow handheld cordless drill on two boxes,32.507664345162404,322,1,1,0.47670510525438153,0,0,goal_reached
1164,290,flightroom_071353_q01,green_clock,green clock,-1.9147510253164022,670,0,0,0.11760857355424614,0,0,timeout
1165,291,flightroom_071353_q03,green_clock,green clock,17.070677668273632,138,1,1,0.2896545240978292,0,0,goal_reached
1166,291,flightroom_071353_q20,green_clock,green clock,21.11751321754754,252,1,1,0.3401177892412587,0,0,goal_reached
1167,291,flightroom_071353_q35,green_clock,green clock,16.47405359620943,247,1,1,0.3448229440552586,0,0,goal_reached
1168,291,flightroom_071353_q10,green_clock,green clock,16.40076990022457,130,1,1,0.29671168293080175,0,0,goal_reached
1169,292,flightroom_071718_q95,yellow_handheld_cordless_drill_on_two_boxes,yellow handheld cordless drill on two boxes,2.3162636707471655,670,0,0,0.5647604855205622,0,0,timeout
1170,292,flightroom_071353_q00,green_clock,green clock,31.608457221778963,247,1,1,0.45149143015381554,0,0,goal_reached
1171,292,flightroom_071353_q20,green_clock,green clock,21.68628102252645,272,1,1,0.3754537400463217,0,0,goal_reached
1172,292,flightroom_071353_q10,green_clock,green clock,15.985524648463485,128,1,1,0.34628594596227147,0,0,goal_reached
1173,293,flightroom_071718_q10,yellow_handheld_cordless_drill_on_two_boxes,yellow handheld cordless drill on two boxes,33.37558615427615,317,1,1,0.45611855779380495,0,0,goal_reached
1174,293,flightroom_071353_q10,green_clock,green clock,16.406691285334112,129,1,1,0.31152543111419084,0,0,goal_reached
1175,293,flightroom_071718_q00,yellow_handheld_cordless_drill_on_two_boxes,yellow handheld cordless drill on two boxes,37.596594644630386,441,1,1,0.47295919556267485,0,0,goal_reached
1176,293,flightroom_071718_q03,yellow_handheld_cordless_drill_on_two_boxes,yellow handheld cordless drill on two boxes,11.753158340076254,329,1,1,0.4306746489910477,0,0,goal_reached
1177,294,flightroom_071718_q95,yellow_handheld_cordless_drill_on_two_boxes,yellow handheld cordless drill on two boxes,19.75271937445561,177,1,1,0.4878029498886724,0,0,goal_reached
1178,294,flightroom_071718_q10,yellow_handheld_cordless_drill_on_two_boxes,yellow handheld cordless drill on two boxes,28.845235816856594,240,1,1,0.47025455859580334,0,0,goal_reached
1179,294,flightroom_071718_q02,yellow_handheld_cordless_drill_on_two_boxes,yellow handheld cordless drill on two boxes,19.466089120274784,179,1,1,0.4034894059164612,0,0,goal_reached
1180,294,flightroom_071718_q03,yellow_handheld_cordless_drill_on_two_boxes,yellow handheld cordless drill on two boxes,10.664321133638502,195,1,1,0.4196467580476532,0,0,goal_reached
1181,295,flightroom_071353_q20,green_clock,green clock,22.075923642493628,290,1,1,0.35733407171721415,0,0,goal_reached
1182,295,flightroom_071718_q70,yellow_handheld_cordless_drill_on_two_boxes,yellow handheld cordless drill on two boxes,32.72883050264423,322,1,1,0.43848214341167147,0,0,goal_reached
1183,295,flightroom_071718_q03,yellow_handheld_cordless_drill_on_two_boxes,yellow handheld cordless drill on two boxes,9.692212974747392,274,1,1,0.4594262670888804,0,0,goal_reached
1184,295,flightroom_071718_q00,yellow_handheld_cordless_drill_on_two_boxes,yellow handheld cordless drill on two boxes,40.592392257059984,657,1,1,0.47587918793321204,0,0,goal_reached
1185,296,flightroom_071353_q95,green_clock,green clock,23.667980819925106,194,1,1,0.4511144911920918,0,0,goal_reached
1186,296,flightroom_071353_q00,green_clock,green clock,31.733558010749682,250,1,1,0.46063813502272993,0,0,goal_reached
1187,296,flightroom_071718_q95,yellow_handheld_cordless_drill_on_two_boxes,yellow handheld cordless drill on two boxes,29.023731134082247,541,1,1,0.48304490423795565,0,0,goal_reached
1188,296,flightroom_071353_q01,green_clock,green clock,-39.145486233628766,90,0,0,3.3728327245461167,0,1,collision
1189,297,flightroom_071353_q20,green_clock,green clock,19.80109905015609,229,1,1,0.3752343885376718,0,0,goal_reached
1190,297,flightroom_071718_q20,yellow_handheld_cordless_drill_on_two_boxes,yellow handheld cordless drill on two boxes,-30.24329530385302,670,0,0,1.605792983561248,0,0,timeout
1191,297,flightroom_071718_q10,yellow_handheld_cordless_drill_on_two_boxes,yellow handheld cordless drill on two boxes,31.63181659818009,271,1,1,0.4421570619733118,0,0,goal_reached
1192,297,flightroom_071353_q01,green_clock,green clock,-1.7109878291807021,670,0,0,0.1492935954467109,0,0,timeout
1193,298,flightroom_071353_q50,green_clock,green clock,19.107317406454133,173,1,1,0.29892408497711476,0,0,goal_reached
1194,298,flightroom_071718_q50,yellow_handheld_cordless_drill_on_two_boxes,yellow handheld cordless drill on two boxes,11.749882356701379,153,1,1,0.44990806807528483,0,0,goal_reached
1195,298,flightroom_071718_q01,yellow_handheld_cordless_drill_on_two_boxes,yellow handheld cordless drill on two boxes,20.057271938573116,197,1,1,0.2985374537450723,0,0,goal_reached
1196,298,flightroom_071353_q03,green_clock,green clock,17.55438234710757,140,1,1,0.289121718014621,0,0,goal_reached
1197,299,flightroom_071353_q70,green_clock,green clock,15.890928588305265,440,1,1,0.40956633382513674,0,0,goal_reached
1198,299,flightroom_071718_q50,yellow_handheld_cordless_drill_on_two_boxes,yellow handheld cordless drill on two boxes,11.352708340978499,142,1,1,0.4564351371272302,0,0,goal_reached
1199,299,flightroom_071353_q01,green_clock,green clock,-1.6598348433921721,670,0,0,0.18082034931233476,0,0,timeout
1200,299,flightroom_071353_q35,green_clock,green clock,15.86735982717634,228,1,1,0.2624740521554582,0,0,goal_reached
1201,300,flightroom_071718_q02,yellow_handheld_cordless_drill_on_two_boxes,yellow handheld cordless drill on two boxes,20.001252234268645,183,1,1,0.4790226500513115,0,0,goal_reached
1202,300,flightroom_071353_q95,green_clock,green clock,24.059951940289704,195,1,1,0.4329957810243178,0,0,goal_reached
1203,300,flightroom_071718_q03,yellow_handheld_cordless_drill_on_two_boxes,yellow handheld cordless drill on two boxes,10.795266537428956,142,1,1,0.3798886173751602,0,0,goal_reached
1204,300,flightroom_071718_q00,yellow_handheld_cordless_drill_on_two_boxes,yellow handheld cordless drill on two boxes,31.680244356651098,271,1,1,0.4817976094429569,0,0,goal_reached
1205,301,flightroom_071353_q03,green_clock,green clock,17.093251013066357,135,1,1,0.27888177462285585,0,0,goal_reached
1206,301,flightroom_071353_q01,green_clock,green clock,-2.864387703491353,670,0,0,0.10050745685869064,0,0,timeout
1207,301,flightroom_071718_q02,yellow_handheld_cordless_drill_on_two_boxes,yellow handheld cordless drill on two boxes,20.54123187759486,183,1,1,0.4038369945369539,0,0,goal_reached
1208,301,flightroom_071718_q20,yellow_handheld_cordless_drill_on_two_boxes,yellow handheld cordless drill on two boxes,-5.879424178760869,670,0,0,1.3906556880600998,0,0,timeout
1209,302,flightroom_071353_q50,green_clock,green clock,18.79086020378707,175,1,1,0.31028389227864545,0,0,goal_reached
1210,302,flightroom_071718_q50,yellow_handheld_cordless_drill_on_two_boxes,yellow handheld cordless drill on two boxes,14.271404915430216,219,1,1,0.4646703455626802,0,0,goal_reached
1211,302,flightroom_071718_q95,yellow_handheld_cordless_drill_on_two_boxes,yellow handheld cordless drill on two boxes,20.37006673659958,173,1,1,0.42271862928675563,0,0,goal_reached
1212,302,flightroom_071353_q02,green_clock,green clock,16.279598238733797,168,1,1,0.32480210277231775,0,0,goal_reached
1213,303,flightroom_071718_q10,yellow_handheld_cordless_drill_on_two_boxes,yellow handheld cordless drill on two boxes,29.64587754068125,239,1,1,0.415024050868642,0,0,goal_reached
1214,303,flightroom_071353_q10,green_clock,green clock,15.4267604048908,130,1,1,0.3957336264652178,0,0,goal_reached
1215,303,flightroom_071353_q50,green_clock,green clock,17.29413016618998,161,1,1,0.3807336163716945,0,0,goal_reached
1216,303,flightroom_071353_q02,green_clock,green clock,16.235535919663526,172,1,1,0.3044681291190499,0,0,goal_reached
1217,304,flightroom_071718_q00,yellow_handheld_cordless_drill_on_two_boxes,yellow handheld cordless drill on two boxes,31.050260601558673,269,1,1,0.4712359564062949,0,0,goal_reached
1218,304,flightroom_071718_q03,yellow_handheld_cordless_drill_on_two_boxes,yellow handheld cordless drill on two boxes,10.673374574020102,145,1,1,0.4026920782096261,0,0,goal_reached
1219,304,flightroom_071353_q02,green_clock,green clock,16.247061795649596,167,1,1,0.3435827494543545,0,0,goal_reached
1220,304,flightroom_071353_q70,green_clock,green clock,-8.261091199712132,670,0,0,0.15997329599813587,0,0,timeout
1221,305,flightroom_071353_q03,green_clock,green clock,17.26743289038191,136,1,1,0.2593497569060537,0,0,goal_reached
1222,305,flightroom_071718_q01,yellow_handheld_cordless_drill_on_two_boxes,yellow handheld cordless drill on two boxes,19.239496651392543,195,1,1,0.22298730916207266,0,0,goal_reached
1223,305,flightroom_071718_q03,yellow_handheld_cordless_drill_on_two_boxes,yellow handheld cordless drill on two boxes,10.90693454402011,144,1,1,0.381648985846588,0,0,goal_reached
1224,305,flightroom_071718_q70,yellow_handheld_cordless_drill_on_two_boxes,yellow handheld cordless drill on two boxes,32.94517061010242,334,1,1,0.45972591401723056,0,0,goal_reached
1225,306,flightroom_071353_q03,green_clock,green clock,17.154906857172243,135,1,1,0.2604206935981035,0,0,goal_reached
1226,306,flightroom_071718_q20,yellow_handheld_cordless_drill_on_two_boxes,yellow handheld cordless drill on two boxes,-26.71597843749724,363,0,0,0.6933760307643224,0,1,collision
1227,306,flightroom_071353_q35,green_clock,green clock,16.70323573465678,261,1,1,0.2905404969465216,0,0,goal_reached
1228,306,flightroom_071718_q03,yellow_handheld_cordless_drill_on_two_boxes,yellow handheld cordless drill on two boxes,10.876252682470106,149,1,1,0.4006992364501872,0,0,goal_reached
1229,307,flightroom_071353_q00,green_clock,green clock,31.626470419644193,249,1,1,0.4727440779170027,0,0,goal_reached
1230,307,flightroom_071718_q35,yellow_handheld_cordless_drill_on_two_boxes,yellow handheld cordless drill on two boxes,-39.772031468868775,157,0,0,0.6333377140503124,0,1,collision
1231,307,flightroom_071718_q10,yellow_handheld_cordless_drill_on_two_boxes,yellow handheld cordless drill on two boxes,30.729694941122702,402,1,1,0.4756503583547027,0,0,goal_reached
1232,307,flightroom_071718_q03,yellow_handheld_cordless_drill_on_two_boxes,yellow handheld cordless drill on two boxes,-46.781533617194924,38,0,0,1.2051771660735824,0,1,collision
1233,308,flightroom_071718_q50,yellow_handheld_cordless_drill_on_two_boxes,yellow handheld cordless drill on two boxes,10.477972335784596,126,1,1,0.48841186711850465,0,0,goal_reached
1234,308,flightroom_071353_q02,green_clock,green clock,16.30478730911914,162,1,1,0.3449016102124211,0,0,goal_reached
1235,308,flightroom_071718_q00,yellow_handheld_cordless_drill_on_two_boxes,yellow handheld cordless drill on two boxes,31.82399422434372,271,1,1,0.43717002460311266,0,0,goal_reached
1236,308,flightroom_071718_q01,yellow_handheld_cordless_drill_on_two_boxes,yellow handheld cordless drill on two boxes,-36.95892730852519,215,0,0,0.3474878812612398,0,1,collision
1237,309,flightroom_071353_q35,green_clock,green clock,16.362476878035935,234,1,1,0.31833090040166667,0,0,goal_reached
1238,309,flightroom_071353_q20,green_clock,green clock,19.845958598728984,231,1,1,0.31667136982388133,0,0,goal_reached
1239,309,flightroom_071353_q95,green_clock,green clock,24.230977011044416,195,1,1,0.4322991194224972,0,0,goal_reached
1240,309,flightroom_071718_q50,yellow_handheld_cordless_drill_on_two_boxes,yellow handheld cordless drill on two boxes,11.967375289793189,255,1,1,0.4863561308647461,0,0,goal_reached
1241,310,flightroom_071718_q35,yellow_handheld_cordless_drill_on_two_boxes,yellow handheld cordless drill on two boxes,-40.32901987009521,145,0,0,0.8389199003042422,0,1,collision
1242,310,flightroom_071353_q50,green_clock,green clock,18.406845705618686,162,1,1,0.3276387027990673,0,0,goal_reached
1243,310,flightroom_071353_q95,green_clock,green clock,23.523142425429704,194,1,1,0.44921782250162967,0,0,goal_reached
1244,310,flightroom_071353_q35,green_clock,green clock,16.732586878460236,234,1,1,0.3744838913186146,0,0,goal_reached
1245,311,flightroom_071353_q01,green_clock,green clock,-2.2883490046342523,670,0,0,0.3487202177568319,0,0,timeout
1246,311,flightroom_071353_q70,green_clock,green clock,-8.699954923531791,670,0,0,0.41429022848779823,0,0,timeout
1247,311,flightroom_071353_q20,green_clock,green clock,20.256906791022196,227,1,1,0.3516276537775639,0,0,goal_reached
1248,311,flightroom_071718_q95,yellow_handheld_cordless_drill_on_two_boxes,yellow handheld cordless drill on two boxes,20.700766598179584,219,1,1,0.4837164325393773,0,0,goal_reached
1249,312,flightroom_071353_q50,green_clock,green clock,19.69520283581541,165,1,1,0.26362092519934915,0,0,goal_reached
1250,312,flightroom_071353_q70,green_clock,green clock,16.99107876100281,328,1,1,0.3826778283751603,0,0,goal_reached
1251,312,flightroom_071718_q00,yellow_handheld_cordless_drill_on_two_boxes,yellow handheld cordless drill on two boxes,31.717301042779965,277,1,1,0.4681678055445409,0,0,goal_reached
1252,312,flightroom_071353_q20,green_clock,green clock,19.055083542099155,210,1,1,0.3349067037971733,0,0,goal_reached
1253,313,flightroom_071718_q10,yellow_handheld_cordless_drill_on_two_boxes,yellow handheld cordless drill on two boxes,28.992780622419637,237,1,1,0.48269441570642974,0,0,goal_reached
1254,313,flightroom_071718_q70,yellow_handheld_cordless_drill_on_two_boxes,yellow handheld cordless drill on two boxes,-10.624581674660181,670,0,0,0.7570932194482419,0,0,timeout
1255,313,flightroom_071718_q01,yellow_handheld_cordless_drill_on_two_boxes,yellow handheld cordless drill on two boxes,-36.930412483828086,179,0,0,0.8766351699483215,0,1,collision
1256,313,flightroom_071718_q02,yellow_handheld_cordless_drill_on_two_boxes,yellow handheld cordless drill on two boxes,19.448767776068124,179,1,1,0.4320218893615231,0,0,goal_reached
1257,314,flightroom_071718_q20,yellow_handheld_cordless_drill_on_two_boxes,yellow handheld cordless drill on two boxes,-31.554923522418434,670,0,0,2.269506191975373,0,0,timeout
1258,314,flightroom_071718_q02,yellow_handheld_cordless_drill_on_two_boxes,yellow handheld cordless drill on two boxes,20.840322038748837,226,1,1,0.4644058624047467,0,0,goal_reached
1259,314,flightroom_071718_q00,yellow_handheld_cordless_drill_on_two_boxes,yellow handheld cordless drill on two boxes,-3.381468617808359,670,0,0,0.5924446602178867,0,0,timeout
1260,314,flightroom_071353_q03,green_clock,green clock,18.167144049961692,140,1,1,0.1943954219861148,0,0,goal_reached
1261,315,flightroom_071353_q20,green_clock,green clock,20.28508508842623,252,1,1,0.3226173890873157,0,0,goal_reached
1262,315,flightroom_071718_q00,yellow_handheld_cordless_drill_on_two_boxes,yellow handheld cordless drill on two boxes,31.740858102714313,312,1,1,0.4892769891239495,0,0,goal_reached
1263,315,flightroom_071353_q95,green_clock,green clock,24.623833466336386,197,1,1,0.37432284641633573,0,0,goal_reached
1264,315,flightroom_071353_q35,green_clock,green clock,15.550290425344711,244,1,1,0.37572947118919164,0,0,goal_reached
1265,316,flightroom_071718_q03,yellow_handheld_cordless_drill_on_two_boxes,yellow handheld cordless drill on two boxes,-46.623595290747936,40,0,0,1.187716298402957,0,1,collision
1266,316,flightroom_071353_q35,green_clock,green clock,16.693235600903204,271,1,1,0.3714446055375017,0,0,goal_reached
1267,316,flightroom_071718_q35,yellow_handheld_cordless_drill_on_two_boxes,yellow handheld cordless drill on two boxes,-39.823130760632694,151,0,0,0.883726080686494,0,1,collision
1268,316,flightroom_071718_q95,yellow_handheld_cordless_drill_on_two_boxes,yellow handheld cordless drill on two boxes,20.948169633587618,180,1,1,0.431265966866921,0,0,goal_reached
1269,317,flightroom_071353_q02,green_clock,green clock,14.25299929512586,136,1,1,0.4218177242050044,0,0,goal_reached
1270,317,flightroom_071353_q35,green_clock,green clock,17.65246452355619,283,1,1,0.3298599576228143,0,0,goal_reached
1271,317,flightroom_071718_q35,yellow_handheld_cordless_drill_on_two_boxes,yellow handheld cordless drill on two boxes,-40.592111574393606,147,0,0,1.1139458481405973,0,1,collision
1272,317,flightroom_071718_q02,yellow_handheld_cordless_drill_on_two_boxes,yellow handheld cordless drill on two boxes,19.700725287204882,178,1,1,0.45011065816438495,0,0,goal_reached
1273,318,flightroom_071718_q10,yellow_handheld_cordless_drill_on_two_boxes,yellow handheld cordless drill on two boxes,29.73285646853812,264,1,1,0.46916329576496446,0,0,goal_reached
1274,318,flightroom_071353_q01,green_clock,green clock,-39.424916589128024,87,0,0,3.36346083271874,0,1,collision
1275,318,flightroom_071353_q50,green_clock,green clock,18.97165408745377,148,1,1,0.3228731883592621,0,0,goal_reached
1276,318,flightroom_071718_q50,yellow_handheld_cordless_drill_on_two_boxes,yellow handheld cordless drill on two boxes,11.822154986885899,103,1,1,0.3082474531821376,0,0,goal_reached
1277,319,flightroom_071353_q02,green_clock,green clock,16.58909295137187,164,1,1,0.31695924420351196,0,0,goal_reached
1278,319,flightroom_071718_q50,yellow_handheld_cordless_drill_on_two_boxes,yellow handheld cordless drill on two boxes,10.686039880048657,100,1,1,0.42116307166358713,0,0,goal_reached
1279,319,flightroom_071718_q20,yellow_handheld_cordless_drill_on_two_boxes,yellow handheld cordless drill on two boxes,-5.939066179031762,670,0,0,1.6061052585142042,0,0,timeout
1280,319,flightroom_071353_q70,green_clock,green clock,-5.719772437649397,670,0,0,0.19267130977049712,0,0,timeout
1281,320,flightroom_071353_q00,green_clock,green clock,32.72104371112369,251,1,1,0.4002951058060694,0,0,goal_reached
1282,320,flightroom_071353_q01,green_clock,green clock,29.289649599690527,337,1,1,0.41882480886708523,0,0,goal_reached
1283,320,flightroom_071353_q70,green_clock,green clock,15.840620037674697,328,1,1,0.42183527270597504,0,0,goal_reached
1284,320,flightroom_071353_q35,green_clock,green clock,18.211723290778735,358,1,1,0.3640962096241291,0,0,goal_reached
1285,321,flightroom_071353_q01,green_clock,green clock,-2.512126793649312,670,0,0,0.15500764822773094,0,0,timeout
1286,321,flightroom_071353_q02,green_clock,green clock,14.515462224295161,137,1,1,0.44855170441911735,0,0,goal_reached
1287,321,flightroom_071353_q20,green_clock,green clock,23.7605869623795,313,1,1,0.2073313681334856,0,0,goal_reached
1288,321,flightroom_071718_q95,yellow_handheld_cordless_drill_on_two_boxes,yellow handheld cordless drill on two boxes,21.105189981375904,177,1,1,0.4636370753115553,0,0,goal_reached
1289,322,flightroom_071353_q35,green_clock,green clock,19.658179978419835,279,1,1,0.39868050995371745,0,0,goal_reached
1290,322,flightroom_071718_q20,yellow_handheld_cordless_drill_on_two_boxes,yellow handheld cordless drill on two boxes,-12.998293917507226,670,0,0,1.486890583562487,0,0,timeout
1291,322,flightroom_071718_q01,yellow_handheld_cordless_drill_on_two_boxes,yellow handheld cordless drill on two boxes,-35.137506606916986,188,0,0,0.4046420721964037,0,1,collision
1292,322,flightroom_071718_q50,yellow_handheld_cordless_drill_on_two_boxes,yellow handheld cordless drill on two boxes,11.385422820110694,124,1,1,0.4079474179628404,0,0,goal_reached
1293,323,flightroom_071718_q00,yellow_handheld_cordless_drill_on_two_boxes,yellow handheld cordless drill on two boxes,32.111661138716734,281,1,1,0.47056023054695073,0,0,goal_reached
1294,323,flightroom_071353_q70,green_clock,green clock,-8.355449988560483,670,0,0,0.1899817549966199,0,0,timeout
1295,323,flightroom_071353_q00,green_clock,green clock,34.261005950736696,268,1,1,0.3445229929821323,0,0,goal_reached
1296,323,flightroom_071353_q10,green_clock,green clock,17.69061220648738,133,1,1,0.19484743926564507,0,0,goal_reached
1297,324,flightroom_071353_q50,green_clock,green clock,17.562866315577505,140,1,1,0.4159637708719232,0,0,goal_reached
1298,324,flightroom_071718_q10,yellow_handheld_cordless_drill_on_two_boxes,yellow handheld cordless drill on two boxes,35.57066765106418,430,1,1,0.45420775919349937,0,0,goal_reached
1299,324,flightroom_071353_q02,green_clock,green clock,14.424465269432293,137,1,1,0.46915136025664694,0,0,goal_reached
1300,324,flightroom_071718_q02,yellow_handheld_cordless_drill_on_two_boxes,yellow handheld cordless drill on two boxes,20.32656929869114,180,1,1,0.4200491237072947,0,0,goal_reached
1301,325,flightroom_071718_q10,yellow_handheld_cordless_drill_on_two_boxes,yellow handheld cordless drill on two boxes,-21.546087063227173,670,0,0,1.1114105361943558,0,0,timeout
1302,325,flightroom_071718_q70,yellow_handheld_cordless_drill_on_two_boxes,yellow handheld cordless drill on two boxes,-22.747159592537713,670,0,0,1.1081207887068882,0,0,timeout
1303,325,flightroom_071718_q00,yellow_handheld_cordless_drill_on_two_boxes,yellow handheld cordless drill on two boxes,32.371574120568816,321,1,1,0.4817678158196954,0,0,goal_reached
1304,325,flightroom_071353_q00,green_clock,green clock,34.09623698924769,275,1,1,0.3640648433910213,0,0,goal_reached
1305,326,flightroom_071353_q50,green_clock,green clock,19.462288300974684,171,1,1,0.32195718310264804,0,0,goal_reached
1306,326,flightroom_071353_q00,green_clock,green clock,33.714964067735394,277,1,1,0.3352508789559828,0,0,goal_reached
1307,326,flightroom_071718_q50,yellow_handheld_cordless_drill_on_two_boxes,yellow handheld cordless drill on two boxes,10.384079662244698,96,1,1,0.42439613379255525,0,0,goal_reached
1308,326,flightroom_071353_q02,green_clock,green clock,16.52014193608454,168,1,1,0.3242146500548706,0,0,goal_reached
1309,327,flightroom_071353_q50,green_clock,green clock,18.598889669813467,166,1,1,0.32359015301513483,0,0,goal_reached
1310,327,flightroom_071353_q95,green_clock,green clock,23.990604044786682,194,1,1,0.38573344540107035,0,0,goal_reached
1311,327,flightroom_071718_q01,yellow_handheld_cordless_drill_on_two_boxes,yellow handheld cordless drill on two boxes,18.47458299428988,216,1,1,0.2840417970719896,0,0,goal_reached
1312,327,flightroom_071718_q70,yellow_handheld_cordless_drill_on_two_boxes,yellow handheld cordless drill on two boxes,34.3285739300973,571,1,1,0.32615003885061417,0,0,goal_reached
1313,328,flightroom_071353_q03,green_clock,green clock,19.34470956007845,139,1,1,0.13581145307526674,0,0,goal_reached
1314,328,flightroom_071353_q35,green_clock,green clock,16.633924770890815,213,1,1,0.3505542369604074,0,0,goal_reached
1315,328,flightroom_071718_q70,yellow_handheld_cordless_drill_on_two_boxes,yellow handheld cordless drill on two boxes,30.167822901962943,372,1,1,0.49132019810619426,0,0,goal_reached
1316,328,flightroom_071718_q00,yellow_handheld_cordless_drill_on_two_boxes,yellow handheld cordless drill on two boxes,32.03907991198651,321,1,1,0.4683479156936855,0,0,goal_reached
1317,329,flightroom_071718_q50,yellow_handheld_cordless_drill_on_two_boxes,yellow handheld cordless drill on two boxes,10.876470652704866,98,1,1,0.41951550155850753,0,0,goal_reached
1318,329,flightroom_071718_q20,yellow_handheld_cordless_drill_on_two_boxes,yellow handheld cordless drill on two boxes,34.88839212639277,385,1,1,0.10455167856601257,0,0,goal_reached
1319,329,flightroom_071718_q02,yellow_handheld_cordless_drill_on_two_boxes,yellow handheld cordless drill on two boxes,20.715340035664042,231,1,1,0.4580368479733733,0,0,goal_reached
1320,329,flightroom_071353_q02,green_clock,green clock,15.958179694119458,173,1,1,0.33065829029865423,0,0,goal_reached
1321,330,flightroom_071718_q10,yellow_handheld_cordless_drill_on_two_boxes,yellow handheld cordless drill on two boxes,32.507880833691125,298,1,1,0.43611023119063336,0,0,goal_reached
1322,330,flightroom_071718_q95,yellow_handheld_cordless_drill_on_two_boxes,yellow handheld cordless drill on two boxes,22.91262645199884,241,1,1,0.44683640346224374,0,0,goal_reached
1323,330,flightroom_071353_q10,green_clock,green clock,17.61583853019648,130,1,1,0.20115747782971455,0,0,goal_reached
1324,330,flightroom_071353_q70,green_clock,green clock,-7.717465619180283,670,0,0,0.23395577178169435,0,0,timeout
1325,331,flightroom_071353_q00,green_clock,green clock,33.49865496246572,279,1,1,0.29107608094510407,0,0,goal_reached
1326,331,flightroom_071718_q00,yellow_handheld_cordless_drill_on_two_boxes,yellow handheld cordless drill on two boxes,32.36887843957222,289,1,1,0.4653829248381677,0,0,goal_reached
1327,331,flightroom_071718_q70,yellow_handheld_cordless_drill_on_two_boxes,yellow handheld cordless drill on two boxes,29.760428579425742,286,1,1,0.45474892451312743,0,0,goal_reached
1328,331,flightroom_071353_q03,green_clock,green clock,18.575909481511168,139,1,1,0.1642696160313707,0,0,goal_reached
1329,332,flightroom_071353_q70,green_clock,green clock,-8.565888795662332,670,0,0,0.2305028859167357,0,0,timeout
1330,332,flightroom_071353_q00,green_clock,green clock,33.014568809402704,252,1,1,0.2545001715634348,0,0,goal_reached
1331,332,flightroom_071353_q95,green_clock,green clock,24.350408808433826,189,1,1,0.2649198626897416,0,0,goal_reached
1332,332,flightroom_071718_q35,yellow_handheld_cordless_drill_on_two_boxes,yellow handheld cordless drill on two boxes,-38.94744795422655,199,0,0,0.3535882142062896,0,1,collision
1333,333,flightroom_071718_q00,yellow_handheld_cordless_drill_on_two_boxes,yellow handheld cordless drill on two boxes,-13.955431731891245,670,0,0,0.7773598611789128,0,0,timeout
1334,333,flightroom_071718_q95,yellow_handheld_cordless_drill_on_two_boxes,yellow handheld cordless drill on two boxes,-35.18834712627917,670,0,0,0.9357102811707686,0,0,timeout
1335,333,flightroom_071353_q50,green_clock,green clock,19.26138450244101,176,1,1,0.2715782010380847,0,0,goal_reached
1336,333,flightroom_071353_q03,green_clock,green clock,19.83313220410914,136,1,1,0.05552069525975924,0,0,goal_reached
1337,334,flightroom_071353_q03,green_clock,green clock,16.218361195750035,136,1,1,0.3498414112027688,0,0,goal_reached
1338,334,flightroom_071353_q01,green_clock,green clock,-39.52069200348698,84,0,0,3.3248557125923197,0,1,collision
1339,334,flightroom_071718_q35,yellow_handheld_cordless_drill_on_two_boxes,yellow handheld cordless drill on two boxes,-38.70157026658803,193,0,0,0.2967493351739174,0,1,collision
1340,334,flightroom_071353_q10,green_clock,green clock,17.946724280127032,125,1,1,0.2826051390931932,0,0,goal_reached
1341,335,flightroom_071718_q20,yellow_handheld_cordless_drill_on_two_boxes,yellow handheld cordless drill on two boxes,-455.04587390381255,670,0,0,6.883815323885732,0,0,timeout
1342,335,flightroom_071718_q01,yellow_handheld_cordless_drill_on_two_boxes,yellow handheld cordless drill on two boxes,-36.06494564240252,244,0,0,0.30216485478701305,0,1,collision
1343,335,flightroom_071718_q10,yellow_handheld_cordless_drill_on_two_boxes,yellow handheld cordless drill on two boxes,31.099000005447113,508,1,1,0.4860226871464065,0,0,goal_reached
1344,335,flightroom_071718_q50,yellow_handheld_cordless_drill_on_two_boxes,yellow handheld cordless drill on two boxes,-27.74855144625978,670,0,0,0.6618465714266613,0,0,timeout
1345,336,flightroom_071353_q02,green_clock,green clock,14.235056966084596,137,1,1,0.47061070279405914,0,0,goal_reached
1346,336,flightroom_071353_q95,green_clock,green clock,23.86704288058464,191,1,1,0.39225629643906085,0,0,goal_reached
1347,336,flightroom_071353_q70,green_clock,green clock,21.291821615401812,261,1,1,0.24975605388996203,0,0,goal_reached
1348,336,flightroom_071718_q02,yellow_handheld_cordless_drill_on_two_boxes,yellow handheld cordless drill on two boxes,20.144726325482964,192,1,1,0.4572006037791271,0,0,goal_reached
1349,337,flightroom_071353_q70,green_clock,green clock,16.287368394506696,334,1,1,0.4321671456808769,0,0,goal_reached
1350,337,flightroom_071353_q01,green_clock,green clock,22.452339013265053,540,1,1,0.4281762692542215,0,0,goal_reached
1351,337,flightroom_071353_q02,green_clock,green clock,14.601224377014873,135,1,1,0.45132953277175836,0,0,goal_reached
1352,337,flightroom_071353_q03,green_clock,green clock,17.24380510445712,142,1,1,0.2725115294512995,0,0,goal_reached
1353,338,flightroom_071718_q20,yellow_handheld_cordless_drill_on_two_boxes,yellow handheld cordless drill on two boxes,-21.096158010836405,459,0,0,0.6046414809395728,0,1,collision
1354,338,flightroom_071353_q00,green_clock,green clock,32.27329772398255,250,1,1,0.41730013484821393,0,0,goal_reached
1355,338,flightroom_071718_q35,yellow_handheld_cordless_drill_on_two_boxes,yellow handheld cordless drill on two boxes,-51.28638799139904,462,0,0,0.6798421575382978,0,1,collision
1356,338,flightroom_071353_q50,green_clock,green clock,18.54114065127324,157,1,1,0.32356863475792547,0,0,goal_reached
1357,339,flightroom_071353_q20,green_clock,green clock,20.86416973448534,275,1,1,0.32973453115552426,0,0,goal_reached
1358,339,flightroom_071353_q02,green_clock,green clock,16.464805662025583,162,1,1,0.20935887644366957,0,0,goal_reached
1359,339,flightroom_071353_q50,green_clock,green clock,18.917387040970286,161,1,1,0.26916117013654056,0,0,goal_reached
1360,339,flightroom_071718_q00,yellow_handheld_cordless_drill_on_two_boxes,yellow handheld cordless drill on two boxes,31.21470813374527,372,1,1,0.474273224707562,0,0,goal_reached
1361,340,flightroom_071353_q00,green_clock,green clock,33.06473193872055,249,1,1,0.2785631963636917,0,0,goal_reached
1362,340,flightroom_071718_q02,yellow_handheld_cordless_drill_on_two_boxes,yellow handheld cordless drill on two boxes,20.94309498860075,187,1,1,0.40002898648962143,0,0,goal_reached
1363,340,flightroom_071718_q10,yellow_handheld_cordless_drill_on_two_boxes,yellow handheld cordless drill on two boxes,32.13769917565288,318,1,1,0.4652437639488516,0,0,goal_reached
1364,340,flightroom_071718_q00,yellow_handheld_cordless_drill_on_two_boxes,yellow handheld cordless drill on two boxes,35.484150275154605,371,1,1,0.43894294891527535,0,0,goal_reached
1365,341,flightroom_071353_q10,green_clock,green clock,17.22565527875191,128,1,1,0.28260121817814743,0,0,goal_reached
1366,341,flightroom_071718_q02,yellow_handheld_cordless_drill_on_two_boxes,yellow handheld cordless drill on two boxes,20.32100909139021,178,1,1,0.36092520361633124,0,0,goal_reached
1367,341,flightroom_071353_q95,green_clock,green clock,24.03512784993125,192,1,1,0.3637293217765034,0,0,goal_reached
1368,341,flightroom_071718_q50,yellow_handheld_cordless_drill_on_two_boxes,yellow handheld cordless drill on two boxes,10.949149385194403,96,1,1,0.37686775318561927,0,0,goal_reached
1369,342,flightroom_071718_q35,yellow_handheld_cordless_drill_on_two_boxes,yellow handheld cordless drill on two boxes,-38.82366566935537,209,0,0,0.30783833468910227,0,1,collision
1370,342,flightroom_071718_q02,yellow_handheld_cordless_drill_on_two_boxes,yellow handheld cordless drill on two boxes,19.333754325407636,183,1,1,0.4892494599214526,0,0,goal_reached
1371,342,flightroom_071353_q01,green_clock,green clock,27.424808990720845,297,1,1,0.36662724449760886,0,0,goal_reached
1372,342,flightroom_071353_q50,green_clock,green clock,17.880590650498508,143,1,1,0.3689270430558028,0,0,goal_reached
1373,343,flightroom_071718_q50,yellow_handheld_cordless_drill_on_two_boxes,yellow handheld cordless drill on two boxes,11.413015387929928,138,1,1,0.4303868199809037,0,0,goal_reached
1374,343,flightroom_071718_q00,yellow_handheld_cordless_drill_on_two_boxes,yellow handheld cordless drill on two boxes,33.43506147391892,333,1,1,0.4712410521581101,0,0,goal_reached
1375,343,flightroom_071718_q70,yellow_handheld_cordless_drill_on_two_boxes,yellow handheld cordless drill on two boxes,32.64286283626108,369,1,1,0.46508554420447756,0,0,goal_reached
1376,343,flightroom_071718_q01,yellow_handheld_cordless_drill_on_two_boxes,yellow handheld cordless drill on two boxes,-36.64962644837173,164,0,0,0.6763832088913754,0,1,collision
1377,344,flightroom_071353_q35,green_clock,green clock,14.973459808520735,260,1,1,0.17862140164056814,0,0,goal_reached
1378,344,flightroom_071718_q20,yellow_handheld_cordless_drill_on_two_boxes,yellow handheld cordless drill on two boxes,-46.618351268142135,670,0,0,1.79248061417363,0,0,timeout
1379,344,flightroom_071718_q35,yellow_handheld_cordless_drill_on_two_boxes,yellow handheld cordless drill on two boxes,-39.21283267911879,206,0,0,0.32566391110415815,0,1,collision
1380,344,flightroom_071353_q01,green_clock,green clock,-1.4896842931403,670,0,0,0.23146955652956816,0,0,timeout
1381,345,flightroom_071718_q95,yellow_handheld_cordless_drill_on_two_boxes,yellow handheld cordless drill on two boxes,21.963624349646157,212,1,1,0.46803399611425206,0,0,goal_reached
1382,345,flightroom_071353_q95,green_clock,green clock,23.997490827634977,187,1,1,0.3470340584740258,0,0,goal_reached
1383,345,flightroom_071718_q70,yellow_handheld_cordless_drill_on_two_boxes,yellow handheld cordless drill on two boxes,1.4919512658970255,670,0,0,0.4957177397476166,0,0,timeout
1384,345,flightroom_071353_q70,green_clock,green clock,19.86306395627596,515,1,1,0.4021567764406907,0,0,goal_reached
1385,346,flightroom_071353_q35,green_clock,green clock,18.7468356185743,249,1,1,0.3584507460430161,0,0,goal_reached
1386,346,flightroom_071353_q50,green_clock,green clock,18.296429166094562,146,1,1,0.3643390988274692,0,0,goal_reached
1387,346,flightroom_071353_q02,green_clock,green clock,15.292878946916314,134,1,1,0.386136554545026,0,0,goal_reached
1388,346,flightroom_071718_q20,yellow_handheld_cordless_drill_on_two_boxes,yellow handheld cordless drill on two boxes,-31.53198999731578,670,0,0,1.7621591383456312,0,0,timeout
1389,347,flightroom_071718_q02,yellow_handheld_cordless_drill_on_two_boxes,yellow handheld cordless drill on two boxes,19.320497045329944,177,1,1,0.43665195499571213,0,0,goal_reached
1390,347,flightroom_071353_q35,green_clock,green clock,18.2709524964096,257,1,1,0.3409424679483324,0,0,goal_reached
1391,347,flightroom_071353_q03,green_clock,green clock,16.9236827637676,139,1,1,0.3016287685386335,0,0,goal_reached
1392,347,flightroom_071718_q70,yellow_handheld_cordless_drill_on_two_boxes,yellow handheld cordless drill on two boxes,6.377002841209926,670,0,0,0.529175882903795,0,0,timeout
1393,348,flightroom_071718_q03,yellow_handheld_cordless_drill_on_two_boxes,yellow handheld cordless drill on two boxes,11.197740716037249,165,1,1,0.32714634888244304,0,0,goal_reached
1394,348,flightroom_071353_q20,green_clock,green clock,23.11088466578681,301,1,1,0.3975971735815524,0,0,goal_reached
1395,348,flightroom_071353_q03,green_clock,green clock,16.047445106393006,138,1,1,0.38486689914770644,0,0,goal_reached
1396,348,flightroom_071718_q00,yellow_handheld_cordless_drill_on_two_boxes,yellow handheld cordless drill on two boxes,31.36791547593041,275,1,1,0.4492529091714564,0,0,goal_reached
1397,349,flightroom_071718_q02,yellow_handheld_cordless_drill_on_two_boxes,yellow handheld cordless drill on two boxes,19.37366969217997,181,1,1,0.467543502332292,0,0,goal_reached
1398,349,flightroom_071718_q70,yellow_handheld_cordless_drill_on_two_boxes,yellow handheld cordless drill on two boxes,29.64314674447266,306,1,1,0.45936741836967193,0,0,goal_reached
1399,349,flightroom_071718_q20,yellow_handheld_cordless_drill_on_two_boxes,yellow handheld cordless drill on two boxes,-34.17931098169092,670,0,0,1.7501686444893347,0,0,timeout
1400,349,flightroom_071353_q01,green_clock,green clock,-1.8427888698541466,670,0,0,0.29922420784483716,0,0,timeout
1401,350,flightroom_071718_q20,yellow_handheld_cordless_drill_on_two_boxes,yellow handheld cordless drill on two boxes,-39.87556879675243,670,0,0,2.0324155941513036,0,0,timeout
1402,350,flightroom_071718_q10,yellow_handheld_cordless_drill_on_two_boxes,yellow handheld cordless drill on two boxes,29.752984614239963,242,1,1,0.4479836632675221,0,0,goal_reached
1403,350,flightroom_071718_q00,yellow_handheld_cordless_drill_on_two_boxes,yellow handheld cordless drill on two boxes,30.639778710758808,266,1,1,0.4840497134983131,0,0,goal_reached
1404,350,flightroom_071718_q70,yellow_handheld_cordless_drill_on_two_boxes,yellow handheld cordless drill on two boxes,28.743448522594882,276,1,1,0.4691408149432905,0,0,goal_reached
1405,351,flightroom_071353_q50,green_clock,green clock,17.29840065013518,146,1,1,0.4333957645967373,0,0,goal_reached
1406,351,flightroom_071718_q01,yellow_handheld_cordless_drill_on_two_boxes,yellow handheld cordless drill on two boxes,19.57175773284083,200,1,1,0.3378777443634024,0,0,goal_reached
1407,351,flightroom_071718_q02,yellow_handheld_cordless_drill_on_two_boxes,yellow handheld cordless drill on two boxes,19.421675187226207,220,1,1,0.4811085093432021,0,0,goal_reached
1408,351,flightroom_071353_q35,green_clock,green clock,18.473307415570474,272,1,1,0.3107281689349423,0,0,goal_reached
1409,352,flightroom_071718_q03,yellow_handheld_cordless_drill_on_two_boxes,yellow handheld cordless drill on two boxes,11.325432091201842,195,1,1,0.4348588766272304,0,0,goal_reached
1410,352,flightroom_071353_q01,green_clock,green clock,28.403022893043737,323,1,1,0.3799070147885157,0,0,goal_reached
1411,352,flightroom_071353_q02,green_clock,green clock,15.765827560459162,175,1,1,0.2650156003926587,0,0,goal_reached
1412,352,flightroom_071718_q95,yellow_handheld_cordless_drill_on_two_boxes,yellow handheld cordless drill on two boxes,22.632525135656103,277,1,1,0.4461579067192504,0,0,goal_reached
1413,353,flightroom_071718_q50,yellow_handheld_cordless_drill_on_two_boxes,yellow handheld cordless drill on two boxes,10.803575731359839,102,1,1,0.46330827519708856,0,0,goal_reached
1414,353,flightroom_071718_q02,yellow_handheld_cordless_drill_on_two_boxes,yellow handheld cordless drill on two boxes,20.566174826199727,186,1,1,0.40746528524986264,0,0,goal_reached
1415,353,flightroom_071353_q00,green_clock,green clock,33.18715254278431,257,1,1,0.3632711372289724,0,0,goal_reached
1416,353,flightroom_071353_q70,green_clock,green clock,20.718688451076808,489,1,1,0.41820428466569226,0,0,goal_reached
1417,354,flightroom_071718_q35,yellow_handheld_cordless_drill_on_two_boxes,yellow handheld cordless drill on two boxes,-39.443094802263325,206,0,0,0.3445689365936134,0,1,collision
1418,354,flightroom_071353_q02,green_clock,green clock,15.952741671286764,168,1,1,0.2019054991725383,0,0,goal_reached
1419,354,flightroom_071353_q50,green_clock,green clock,18.39737382065265,159,1,1,0.31817041161280896,0,0,goal_reached
1420,354,flightroom_071353_q01,green_clock,green clock,29.739198749089432,336,1,1,0.38880884272386623,0,0,goal_reached
1421,355,flightroom_071718_q10,yellow_handheld_cordless_drill_on_two_boxes,yellow handheld cordless drill on two boxes,29.208361870417725,239,1,1,0.468381396641625,0,0,goal_reached
1422,355,flightroom_071353_q95,green_clock,green clock,24.198731650046398,194,1,1,0.3972447367519158,0,0,goal_reached
1423,355,flightroom_071353_q70,green_clock,green clock,-10.20820285005589,670,0,0,0.37147839748077405,0,0,timeout
1424,355,flightroom_071718_q01,yellow_handheld_cordless_drill_on_two_boxes,yellow handheld cordless drill on two boxes,18.34118179423041,231,1,1,0.2533691698216119,0,0,goal_reached
1425,356,flightroom_071353_q03,green_clock,green clock,17.42206853324914,141,1,1,0.28083474056453134,0,0,goal_reached
1426,356,flightroom_071718_q01,yellow_handheld_cordless_drill_on_two_boxes,yellow handheld cordless drill on two boxes,19.306243748341597,197,1,1,0.3425147473326867,0,0,goal_reached
1427,356,flightroom_071353_q00,green_clock,green clock,31.746255218593365,245,1,1,0.4081929545000663,0,0,goal_reached
1428,356,flightroom_071718_q20,yellow_handheld_cordless_drill_on_two_boxes,yellow handheld cordless drill on two boxes,-25.492302396254,670,0,0,1.5475351915969195,0,0,timeout
1429,357,flightroom_071353_q02,green_clock,green clock,16.158021816790242,164,1,1,0.2379431670573415,0,0,goal_reached
1430,357,flightroom_071353_q50,green_clock,green clock,18.651480091362966,158,1,1,0.2741283243242523,0,0,goal_reached
1431,357,flightroom_071718_q01,yellow_handheld_cordless_drill_on_two_boxes,yellow handheld cordless drill on two boxes,18.933835828953672,173,1,1,0.2622657210561579,0,0,goal_reached
1432,357,flightroom_071718_q70,yellow_handheld_cordless_drill_on_two_boxes,yellow handheld cordless drill on two boxes,30.10052905803895,295,1,1,0.4549919362280311,0,0,goal_reached
1433,358,flightroom_071353_q35,green_clock,green clock,16.140379992906162,218,1,1,0.4116236894456281,0,0,goal_reached
1434,358,flightroom_071718_q01,yellow_handheld_cordless_drill_on_two_boxes,yellow handheld cordless drill on two boxes,18.6432527487911,200,1,1,0.4611929213578033,0,0,goal_reached
1435,358,flightroom_071718_q00,yellow_handheld_cordless_drill_on_two_boxes,yellow handheld cordless drill on two boxes,31.420798548630906,292,1,1,0.47165500002715166,0,0,goal_reached
1436,358,flightroom_071353_q95,green_clock,green clock,24.04448168822004,185,1,1,0.3944510205253643,0,0,goal_reached
1437,359,flightroom_071353_q50,green_clock,green clock,16.758813144492642,142,1,1,0.40534064025175365,0,0,goal_reached
1438,359,flightroom_071718_q70,yellow_handheld_cordless_drill_on_two_boxes,yellow handheld cordless drill on two boxes,28.604646656647315,244,1,1,0.4698415580710051,0,0,goal_reached
1439,359,flightroom_071718_q20,yellow_handheld_cordless_drill_on_two_boxes,yellow handheld cordless drill on two boxes,-24.665216913139613,670,0,0,1.731227339285505,0,0,timeout
1440,359,flightroom_071353_q03,green_clock,green clock,16.817002878434234,135,1,1,0.2891824138203401,0,0,goal_reached
1441,360,flightroom_071353_q02,green_clock,green clock,16.089159247840513,163,1,1,0.1880274790647193,0,0,goal_reached
1442,360,flightroom_071718_q03,yellow_handheld_cordless_drill_on_two_boxes,yellow handheld cordless drill on two boxes,-46.8134869070527,38,0,0,1.206880320106164,0,1,collision
1443,360,flightroom_071718_q35,yellow_handheld_cordless_drill_on_two_boxes,yellow handheld cordless drill on two boxes,-39.34508055073031,202,0,0,0.2988012257439648,0,1,collision
1444,360,flightroom_071718_q00,yellow_handheld_cordless_drill_on_two_boxes,yellow handheld cordless drill on two boxes,31.37063174302719,263,1,1,0.44553717995429704,0,0,goal_reached
1445,361,flightroom_071353_q20,green_clock,green clock,18.806643048419183,202,1,1,0.35078065750235427,0,0,goal_reached
1446,361,flightroom_071353_q00,green_clock,green clock,33.240617127820734,259,1,1,0.3774488450774635,0,0,goal_reached
1447,361,flightroom_071718_q00,yellow_handheld_cordless_drill_on_two_boxes,yellow handheld cordless drill on two boxes,31.75214938640368,275,1,1,0.4586148138366195,0,0,goal_reached
1448,361,flightroom_071718_q10,yellow_handheld_cordless_drill_on_two_boxes,yellow handheld cordless drill on two boxes,29.807533478233637,247,1,1,0.47383599496403295,0,0,goal_reached
1449,362,flightroom_071718_q35,yellow_handheld_cordless_drill_on_two_boxes,yellow handheld cordless drill on two boxes,16.200745222351618,384,1,1,0.15679854615191374,0,0,goal_reached
1450,362,flightroom_071718_q20,yellow_handheld_cordless_drill_on_two_boxes,yellow handheld cordless drill on two boxes,-53.583310784350445,670,0,0,2.309772199766439,0,0,timeout
1451,362,flightroom_071718_q50,yellow_handheld_cordless_drill_on_two_boxes,yellow handheld cordless drill on two boxes,10.8740469836024,157,1,1,0.46755629792444,0,0,goal_reached
1452,362,flightroom_071353_q20,green_clock,green clock,19.272516696301835,209,1,1,0.4055943105701596,0,0,goal_reached
1453,363,flightroom_071353_q02,green_clock,green clock,14.796673610150528,135,1,1,0.40152916943930556,0,0,goal_reached
1454,363,flightroom_071718_q10,yellow_handheld_cordless_drill_on_two_boxes,yellow handheld cordless drill on two boxes,29.529620318582587,241,1,1,0.4942692965249399,0,0,goal_reached
1455,363,flightroom_071718_q50,yellow_handheld_cordless_drill_on_two_boxes,yellow handheld cordless drill on two boxes,10.930524335672429,100,1,1,0.4091139086576043,0,0,goal_reached
1456,363,flightroom_071353_q10,green_clock,green clock,17.17724631016406,133,1,1,0.2754233472880452,0,0,goal_reached
1457,364,flightroom_071718_q35,yellow_handheld_cordless_drill_on_two_boxes,yellow handheld cordless drill on two boxes,-39.57983427707012,203,0,0,0.3228119215491879,0,1,collision
1458,364,flightroom_071718_q50,yellow_handheld_cordless_drill_on_two_boxes,yellow handheld cordless drill on two boxes,10.614908485269607,100,1,1,0.45621273385538613,0,0,goal_reached
1459,364,flightroom_071353_q01,green_clock,green clock,26.137525429193566,265,1,1,0.3198123526666879,0,0,goal_reached
1460,364,flightroom_071353_q10,green_clock,green clock,17.340988879220895,133,1,1,0.27076390924794147,0,0,goal_reached
1461,365,flightroom_071718_q00,yellow_handheld_cordless_drill_on_two_boxes,yellow handheld cordless drill on two boxes,31.150571423589973,269,1,1,0.42821040943240796,0,0,goal_reached
1462,365,flightroom_071718_q02,yellow_handheld_cordless_drill_on_two_boxes,yellow handheld cordless drill on two boxes,19.46129988723822,181,1,1,0.40953116330376066,0,0,goal_reached
1463,365,flightroom_071718_q50,yellow_handheld_cordless_drill_on_two_boxes,yellow handheld cordless drill on two boxes,11.51466415460331,98,1,1,0.35910754812438755,0,0,goal_reached
1464,365,flightroom_071353_q03,green_clock,green clock,17.22314093731206,138,1,1,0.2626544822312217,0,0,goal_reached
1465,366,flightroom_071718_q00,yellow_handheld_cordless_drill_on_two_boxes,yellow handheld cordless drill on two boxes,-18.594074571869708,670,0,0,0.8950559802766527,0,0,timeout
1466,366,flightroom_071718_q10,yellow_handheld_cordless_drill_on_two_boxes,yellow handheld cordless drill on two boxes,29.236035620271018,238,1,1,0.4689869763078151,0,0,goal_reached
1467,366,flightroom_071353_q01,green_clock,green clock,-3.9044282631274,670,0,0,0.2757519402793688,0,0,timeout
1468,366,flightroom_071718_q20,yellow_handheld_cordless_drill_on_two_boxes,yellow handheld cordless drill on two boxes,-113.39199568908339,670,0,0,4.153035437525955,0,0,timeout
1469,367,flightroom_071718_q02,yellow_handheld_cordless_drill_on_two_boxes,yellow handheld cordless drill on two boxes,19.563911110025092,180,1,1,0.4246134653651194,0,0,goal_reached
1470,367,flightroom_071353_q20,green_clock,green clock,20.489447740247858,242,1,1,0.30367311399995883,0,0,goal_reached
1471,367,flightroom_071718_q01,yellow_handheld_cordless_drill_on_two_boxes,yellow handheld cordless drill on two boxes,-36.78588821169123,244,0,0,0.2975666362530391,0,1,collision
1472,367,flightroom_071718_q50,yellow_handheld_cordless_drill_on_two_boxes,yellow handheld cordless drill on two boxes,10.929851888734854,100,1,1,0.4153553419663501,0,0,goal_reached
1473,368,flightroom_071353_q01,green_clock,green clock,-38.35538012294741,100,0,0,3.286363559250561,0,1,collision
1474,368,flightroom_071353_q00,green_clock,green clock,32.18728165531002,248,1,1,0.3873189749585409,0,0,goal_reached
1475,368,flightroom_071718_q95,yellow_handheld_cordless_drill_on_two_boxes,yellow handheld cordless drill on two boxes,20.533548012904088,207,1,1,0.47482928906353244,0,0,goal_reached
1476,368,flightroom_071718_q50,yellow_handheld_cordless_drill_on_two_boxes,yellow handheld cordless drill on two boxes,10.88482711954579,96,1,1,0.38445887841591114,0,0,goal_reached
1477,369,flightroom_071718_q00,yellow_handheld_cordless_drill_on_two_boxes,yellow handheld cordless drill on two boxes,31.310387593337943,266,1,1,0.4428575575492386,0,0,goal_reached
1478,369,flightroom_071718_q03,yellow_handheld_cordless_drill_on_two_boxes,yellow handheld cordless drill on two boxes,-46.64923568636343,41,0,0,1.1999171233193615,0,1,collision
1479,369,flightroom_071353_q95,green_clock,green clock,23.4064551285192,189,1,1,0.4297663836715435,0,0,goal_reached
1480,369,flightroom_071718_q35,yellow_handheld_cordless_drill_on_two_boxes,yellow handheld cordless drill on two boxes,-39.820486144611586,210,0,0,0.3066125954704369,0,1,collision
1481,370,flightroom_071718_q03,yellow_handheld_cordless_drill_on_two_boxes,yellow handheld cordless drill on two boxes,-46.74953116805197,40,0,0,1.2216297081133947,0,1,collision
1482,370,flightroom_071353_q95,green_clock,green clock,23.080740905247595,185,1,1,0.40151242467075604,0,0,goal_reached
1483,370,flightroom_071718_q70,yellow_handheld_cordless_drill_on_two_boxes,yellow handheld cordless drill on two boxes,31.02566884808111,357,1,1,0.4819765193712708,0,0,goal_reached
1484,370,flightroom_071353_q10,green_clock,green clock,16.17966913136263,124,1,1,0.271661733799685,0,0,goal_reached
1485,371,flightroom_071718_q00,yellow_handheld_cordless_drill_on_two_boxes,yellow handheld cordless drill on two boxes,30.422395383621947,267,1,1,0.4507262733776652,0,0,goal_reached
1486,371,flightroom_071353_q50,green_clock,green clock,18.014202043086065,161,1,1,0.35998615575536863,0,0,goal_reached
1487,371,flightroom_071353_q01,green_clock,green clock,26.83126298921097,286,1,1,0.3505573518339858,0,0,goal_reached
1488,371,flightroom_071353_q02,green_clock,green clock,14.817801919060452,131,1,1,0.4278208524962119,0,0,goal_reached
1489,372,flightroom_071353_q95,green_clock,green clock,23.94413926902088,193,1,1,0.3236539874130615,0,0,goal_reached
1490,372,flightroom_071353_q02,green_clock,green clock,14.328014178893973,131,1,1,0.47066442089745747,0,0,goal_reached
1491,372,flightroom_071718_q00,yellow_handheld_cordless_drill_on_two_boxes,yellow handheld cordless drill on two boxes,33.36020890388301,376,1,1,0.4596423485749676,0,0,goal_reached
1492,372,flightroom_071718_q35,yellow_handheld_cordless_drill_on_two_boxes,yellow handheld cordless drill on two boxes,-41.23170510826665,226,0,0,0.5376292228879993,0,1,collision
1493,373,flightroom_071353_q02,green_clock,green clock,14.472356928255492,132,1,1,0.47310111702209073,0,0,goal_reached
1494,373,flightroom_071353_q00,green_clock,green clock,32.5594466225008,255,1,1,0.4123332387056177,0,0,goal_reached
1495,373,flightroom_071718_q01,yellow_handheld_cordless_drill_on_two_boxes,yellow handheld cordless drill on two boxes,18.20427091125596,429,1,1,0.3536861804684027,0,0,goal_reached
1496,373,flightroom_071718_q70,yellow_handheld_cordless_drill_on_two_boxes,yellow handheld cordless drill on two boxes,31.26303404536285,291,1,1,0.43936441586986064,0,0,goal_reached
1497,374,flightroom_071718_q03,yellow_handheld_cordless_drill_on_two_boxes,yellow handheld cordless drill on two boxes,11.38821454849306,187,1,1,0.44073472580175427,0,0,goal_reached
1498,374,flightroom_071353_q03,green_clock,green clock,18.41431392813092,140,1,1,0.15326843539928686,0,0,goal_reached
1499,374,flightroom_071718_q70,yellow_handheld_cordless_drill_on_two_boxes,yellow handheld cordless drill on two boxes,-15.607728643946373,670,0,0,1.0178785398912622,0,0,timeout
1500,374,flightroom_071353_q10,green_clock,green clock,16.52618486020455,128,1,1,0.29686487523015404,0,0,goal_reached
1501,375,flightroom_071718_q01,yellow_handheld_cordless_drill_on_two_boxes,yellow handheld cordless drill on two boxes,19.683605566336297,219,1,1,0.23480455474814885,0,0,goal_reached
1502,375,flightroom_071353_q01,green_clock,green clock,26.26899696719698,267,1,1,0.3848399896963845,0,0,goal_reached
1503,375,flightroom_071718_q35,yellow_handheld_cordless_drill_on_two_boxes,yellow handheld cordless drill on two boxes,-39.422512743305724,204,0,0,0.32837016514997847,0,1,collision
1504,375,flightroom_071718_q70,yellow_handheld_cordless_drill_on_two_boxes,yellow handheld cordless drill on two boxes,30.20753916516358,320,1,1,0.45181175312408256,0,0,goal_reached
1505,376,flightroom_071718_q02,yellow_handheld_cordless_drill_on_two_boxes,yellow handheld cordless drill on two boxes,19.216334314010897,179,1,1,0.46261456668269696,0,0,goal_reached
1506,376,flightroom_071718_q00,yellow_handheld_cordless_drill_on_two_boxes,yellow handheld cordless drill on two boxes,31.071555861220123,267,1,1,0.4912740938670557,0,0,goal_reached
1507,376,flightroom_071353_q03,green_clock,green clock,17.499647250092355,136,1,1,0.2235730830359836,0,0,goal_reached
1508,376,flightroom_071718_q50,yellow_handheld_cordless_drill_on_two_boxes,yellow handheld cordless drill on two boxes,10.842282308518545,97,1,1,0.41409907157610987,0,0,goal_reached
1509,377,flightroom_071718_q95,yellow_handheld_cordless_drill_on_two_boxes,yellow handheld cordless drill on two boxes,20.04110239873504,175,1,1,0.4779912969430535,0,0,goal_reached
1510,377,flightroom_071353_q01,green_clock,green clock,23.918705529093458,261,1,1,0.2914810780083357,0,0,goal_reached
1511,377,flightroom_071353_q10,green_clock,green clock,16.40855788853931,126,1,1,0.29007081866113016,0,0,goal_reached
1512,377,flightroom_071718_q50,yellow_handheld_cordless_drill_on_two_boxes,yellow handheld cordless drill on two boxes,10.825964607045695,95,1,1,0.3998043885761402,0,0,goal_reached
1513,378,flightroom_071353_q70,green_clock,green clock,-7.671662863477886,670,0,0,0.14560787478486859,0,0,timeout
1514,378,flightroom_071718_q00,yellow_handheld_cordless_drill_on_two_boxes,yellow handheld cordless drill on two boxes,32.34078289109812,301,1,1,0.4620615498993753,0,0,goal_reached
1515,378,flightroom_071353_q02,green_clock,green clock,15.804254896687631,150,1,1,0.2666170439534261,0,0,goal_reached
1516,378,flightroom_071353_q03,green_clock,green clock,17.52859387584495,136,1,1,0.24496826066849126,0,0,goal_reached
1517,379,flightroom_071353_q03,green_clock,green clock,17.481478023028856,136,1,1,0.24150463987243295,0,0,goal_reached
1518,379,flightroom_071718_q50,yellow_handheld_cordless_drill_on_two_boxes,yellow handheld cordless drill on two boxes,10.466794945582473,99,1,1,0.49496673287742166,0,0,goal_reached
1519,379,flightroom_071353_q20,green_clock,green clock,20.016879539416983,224,1,1,0.34837997975701224,0,0,goal_reached
1520,379,flightroom_071353_q35,green_clock,green clock,16.83846245195537,218,1,1,0.3510493880887615,0,0,goal_reached
1521,380,flightroom_071353_q01,green_clock,green clock,26.133662614205395,273,1,1,0.3105474889913452,0,0,goal_reached
1522,380,flightroom_071353_q00,green_clock,green clock,31.69587819378283,247,1,1,0.381816945065156,0,0,goal_reached
1523,380,flightroom_071353_q20,green_clock,green clock,19.78363896887933,219,1,1,0.34186498703075413,0,0,goal_reached
1524,380,flightroom_071353_q95,green_clock,green clock,24.113887570691375,191,1,1,0.315211616586581,0,0,goal_reached
1525,381,flightroom_071353_q50,green_clock,green clock,18.80520383815866,159,1,1,0.32855180221522307,0,0,goal_reached
1526,381,flightroom_071353_q02,green_clock,green clock,14.204959973788487,129,1,1,0.45137051843015685,0,0,goal_reached
1527,381,flightroom_071718_q50,yellow_handheld_cordless_drill_on_two_boxes,yellow handheld cordless drill on two boxes,11.589270680197306,138,1,1,0.4006890540389301,0,0,goal_reached
1528,381,flightroom_071353_q95,green_clock,green clock,23.64465590992396,190,1,1,0.4189861569543774,0,0,goal_reached
1529,382,flightroom_071353_q00,green_clock,green clock,33.52764793007576,272,1,1,0.3325443893158785,0,0,goal_reached
1530,382,flightroom_071353_q35,green_clock,green clock,16.06921416168918,197,1,1,0.35929524022089926,0,0,goal_reached
1531,382,flightroom_071718_q01,yellow_handheld_cordless_drill_on_two_boxes,yellow handheld cordless drill on two boxes,18.24013997747478,177,1,1,0.4381065638702898,0,0,goal_reached
1532,382,flightroom_071718_q10,yellow_handheld_cordless_drill_on_two_boxes,yellow handheld cordless drill on two boxes,29.631151551000126,236,1,1,0.425219533298102,0,0,goal_reached
1533,383,flightroom_071718_q50,yellow_handheld_cordless_drill_on_two_boxes,yellow handheld cordless drill on two boxes,22.253938076150863,504,1,1,0.4843823537164956,0,0,goal_reached
1534,383,flightroom_071718_q03,yellow_handheld_cordless_drill_on_two_boxes,yellow handheld cordless drill on two boxes,-46.630388758137016,39,0,0,1.2623734955442183,0,1,collision
1535,383,flightroom_071718_q95,yellow_handheld_cordless_drill_on_two_boxes,yellow handheld cordless drill on two boxes,23.64133981330582,468,1,1,0.4761163176023967,0,0,goal_reached
1536,383,flightroom_071353_q20,green_clock,green clock,18.210740655607804,183,1,1,0.376318818595037,0,0,goal_reached
1537,384,flightroom_071718_q50,yellow_handheld_cordless_drill_on_two_boxes,yellow handheld cordless drill on two boxes,10.582520133426215,99,1,1,0.4701402082437945,0,0,goal_reached
1538,384,flightroom_071718_q35,yellow_handheld_cordless_drill_on_two_boxes,yellow handheld cordless drill on two boxes,-40.63802192064055,198,0,0,0.4821478136829008,0,1,collision
1539,384,flightroom_071353_q03,green_clock,green clock,17.902259064252753,142,1,1,0.23038642938864132,0,0,goal_reached
1540,384,flightroom_071353_q02,green_clock,green clock,14.39514822682384,132,1,1,0.45506977994703024,0,0,goal_reached
1541,385,flightroom_071718_q10,yellow_handheld_cordless_drill_on_two_boxes,yellow handheld cordless drill on two boxes,32.236446236238024,323,1,1,0.447882844634924,0,0,goal_reached
1542,385,flightroom_071353_q00,green_clock,green clock,31.29816248920335,243,1,1,0.4245856188090296,0,0,goal_reached
1543,385,flightroom_071353_q02,green_clock,green clock,14.477406682171893,134,1,1,0.4451019468931865,0,0,goal_reached
1544,385,flightroom_071718_q02,yellow_handheld_cordless_drill_on_two_boxes,yellow handheld cordless drill on two boxes,20.332587170942233,183,1,1,0.34882063686209824,0,0,goal_reached
1545,386,flightroom_071353_q00,green_clock,green clock,32.71259825334779,255,1,1,0.4083949547452934,0,0,goal_reached
1546,386,flightroom_071353_q02,green_clock,green clock,14.768682106308658,139,1,1,0.46797428976582106,0,0,goal_reached
1547,386,flightroom_071353_q70,green_clock,green clock,-6.96570509114477,670,0,0,0.14331786897671892,0,0,timeout
1548,386,flightroom_071353_q20,green_clock,green clock,18.90482646979087,200,1,1,0.40646207269058565,0,0,goal_reached
1549,387,flightroom_071718_q70,yellow_handheld_cordless_drill_on_two_boxes,yellow handheld cordless drill on two boxes,30.10178228697577,301,1,1,0.4216373227643555,0,0,goal_reached
1550,387,flightroom_071353_q20,green_clock,green clock,18.731155256145673,192,1,1,0.3490641589813767,0,0,goal_reached
1551,387,flightroom_071718_q02,yellow_handheld_cordless_drill_on_two_boxes,yellow handheld cordless drill on two boxes,20.060011101047245,182,1,1,0.46080695519513193,0,0,goal_reached
1552,387,flightroom_071353_q00,green_clock,green clock,31.940846382755836,248,1,1,0.41639544337795137,0,0,goal_reached
1553,388,flightroom_071353_q70,green_clock,green clock,19.914688170979634,208,1,1,0.39760836068440886,0,0,goal_reached
1554,388,flightroom_071718_q03,yellow_handheld_cordless_drill_on_two_boxes,yellow handheld cordless drill on two boxes,-46.746205969908964,38,0,0,1.2334333384467127,0,1,collision
1555,388,flightroom_071718_q35,yellow_handheld_cordless_drill_on_two_boxes,yellow handheld cordless drill on two boxes,-46.72324055967571,284,0,0,0.6725897761193931,0,1,collision
1556,388,flightroom_071353_q03,green_clock,green clock,17.52886579118745,137,1,1,0.2616543907778811,0,0,goal_reached
1557,389,flightroom_071718_q00,yellow_handheld_cordless_drill_on_two_boxes,yellow handheld cordless drill on two boxes,31.607376270427654,275,1,1,0.485390780548721,0,0,goal_reached
1558,389,flightroom_071353_q01,green_clock,green clock,26.365537085974147,278,1,1,0.29896441742168695,0,0,goal_reached
1559,389,flightroom_071718_q20,yellow_handheld_cordless_drill_on_two_boxes,yellow handheld cordless drill on two boxes,-49.74542191977076,670,0,0,2.119013659216029,0,0,timeout
1560,389,flightroom_071718_q01,yellow_handheld_cordless_drill_on_two_boxes,yellow handheld cordless drill on two boxes,-36.32072649062155,225,0,0,0.3019732300077712,0,1,collision
1561,390,flightroom_071718_q70,yellow_handheld_cordless_drill_on_two_boxes,yellow handheld cordless drill on two boxes,30.308015932350493,304,1,1,0.4559304610812828,0,0,goal_reached
1562,390,flightroom_071718_q01,yellow_handheld_cordless_drill_on_two_boxes,yellow handheld cordless drill on two boxes,-36.04437474455309,231,0,0,0.3477843294988783,0,1,collision
1563,390,flightroom_071718_q02,yellow_handheld_cordless_drill_on_two_boxes,yellow handheld cordless drill on two boxes,24.548353262988545,200,1,1,0.2869269587004149,0,0,goal_reached
1564,390,flightroom_071353_q35,green_clock,green clock,15.95739545742308,200,1,1,0.37220525177206054,0,0,goal_reached
1565,391,flightroom_071353_q02,green_clock,green clock,13.567935217828051,131,1,1,0.4694639962818305,0,0,goal_reached
1566,391,flightroom_071353_q20,green_clock,green clock,18.429285464716656,184,1,1,0.34059662473139146,0,0,goal_reached
1567,391,flightroom_071718_q20,yellow_handheld_cordless_drill_on_two_boxes,yellow handheld cordless drill on two boxes,-41.00061716980303,670,0,0,1.695630504815017,0,0,timeout
1568,391,flightroom_071353_q10,green_clock,green clock,15.72951579662901,129,1,1,0.3869340546760233,0,0,goal_reached
1569,392,flightroom_071353_q20,green_clock,green clock,18.75622196444858,195,1,1,0.35590425620304256,0,0,goal_reached
1570,392,flightroom_071353_q35,green_clock,green clock,14.705641641411514,182,1,1,0.41589268335062224,0,0,goal_reached
1571,392,flightroom_071353_q02,green_clock,green clock,15.910778557719375,149,1,1,0.28762370936286524,0,0,goal_reached
1572,392,flightroom_071353_q01,green_clock,green clock,22.49095426324583,590,1,1,0.31546265594472384,0,0,goal_reached
1573,393,flightroom_071353_q35,green_clock,green clock,16.174444124336553,216,1,1,0.3039471183499811,0,0,goal_reached
1574,393,flightroom_071718_q50,yellow_handheld_cordless_drill_on_two_boxes,yellow handheld cordless drill on two boxes,11.584518703077833,222,1,1,0.4964910687685257,0,0,goal_reached
1575,393,flightroom_071353_q20,green_clock,green clock,18.942859047764287,203,1,1,0.3438280023955168,0,0,goal_reached
1576,393,flightroom_071718_q00,yellow_handheld_cordless_drill_on_two_boxes,yellow handheld cordless drill on two boxes,31.873132101901703,369,1,1,0.4746581812211254,0,0,goal_reached
1577,394,flightroom_071353_q35,green_clock,green clock,15.551564718250596,196,1,1,0.3736127321726221,0,0,goal_reached
1578,394,flightroom_071718_q50,yellow_handheld_cordless_drill_on_two_boxes,yellow handheld cordless drill on two boxes,11.71418084598465,152,1,1,0.44310477392020475,0,0,goal_reached
1579,394,flightroom_071718_q01,yellow_handheld_cordless_drill_on_two_boxes,yellow handheld cordless drill on two boxes,-35.675122085321135,229,0,0,0.32256063399700446,0,1,collision
1580,394,flightroom_071718_q20,yellow_handheld_cordless_drill_on_two_boxes,yellow handheld cordless drill on two boxes,-58.76067028259109,670,0,0,2.796676744754952,0,0,timeout
1581,395,flightroom_071353_q50,green_clock,green clock,17.366605951102134,141,1,1,0.38622547078048103,0,0,goal_reached
1582,395,flightroom_071353_q20,green_clock,green clock,19.075069832427868,210,1,1,0.380964346485304,0,0,goal_reached
1583,395,flightroom_071718_q10,yellow_handheld_cordless_drill_on_two_boxes,yellow handheld cordless drill on two boxes,32.030863409323345,288,1,1,0.4221487635000002,0,0,goal_reached
1584,395,flightroom_071718_q50,yellow_handheld_cordless_drill_on_two_boxes,yellow handheld cordless drill on two boxes,11.911378783878828,151,1,1,0.42303971726934864,0,0,goal_reached
1585,396,flightroom_071353_q03,green_clock,green clock,17.441533711334422,139,1,1,0.3097388911709778,0,0,goal_reached
1586,396,flightroom_071718_q00,yellow_handheld_cordless_drill_on_two_boxes,yellow handheld cordless drill on two boxes,33.54847487239823,341,1,1,0.4683801305960234,0,0,goal_reached
1587,396,flightroom_071718_q50,yellow_handheld_cordless_drill_on_two_boxes,yellow handheld cordless drill on two boxes,12.10335794559144,167,1,1,0.45199284089752767,0,0,goal_reached
1588,396,flightroom_071718_q01,yellow_handheld_cordless_drill_on_two_boxes,yellow handheld cordless drill on two boxes,18.072097617055427,176,1,1,0.45927166464708197,0,0,goal_reached
1589,397,flightroom_071718_q01,yellow_handheld_cordless_drill_on_two_boxes,yellow handheld cordless drill on two boxes,-36.342141515756296,288,0,0,0.3033884559787352,0,1,collision
1590,397,flightroom_071353_q02,green_clock,green clock,15.596118919070996,147,1,1,0.3314963720521825,0,0,goal_reached
1591,397,flightroom_071353_q03,green_clock,green clock,18.1856517211692,142,1,1,0.2349391275023988,0,0,goal_reached
1592,397,flightroom_071353_q20,green_clock,green clock,21.375663433804394,245,1,1,0.3687204351101673,0,0,goal_reached
1593,398,flightroom_071718_q03,yellow_handheld_cordless_drill_on_two_boxes,yellow handheld cordless drill on two boxes,11.107353940478195,195,1,1,0.39580330657833285,0,0,goal_reached
1594,398,flightroom_071353_q95,green_clock,green clock,25.060288513660097,202,1,1,0.27207391113339346,0,0,goal_reached
1595,398,flightroom_071718_q00,yellow_handheld_cordless_drill_on_two_boxes,yellow handheld cordless drill on two boxes,32.35287299795306,347,1,1,0.46507476822598,0,0,goal_reached
1596,398,flightroom_071353_q02,green_clock,green clock,14.752689433348651,138,1,1,0.44108266533330787,0,0,goal_reached
1597,399,flightroom_071353_q95,green_clock,green clock,24.56446540295407,195,1,1,0.29552304447348815,0,0,goal_reached
1598,399,flightroom_071718_q00,yellow_handheld_cordless_drill_on_two_boxes,yellow handheld cordless drill on two boxes,31.739613444814253,282,1,1,0.4412423654242502,0,0,goal_reached
1599,399,flightroom_071353_q10,green_clock,green clock,15.825362884557041,127,1,1,0.40568237988557027,0,0,goal_reached
1600,399,flightroom_071718_q01,yellow_handheld_cordless_drill_on_two_boxes,yellow handheld cordless drill on two boxes,-36.126992283868034,231,0,0,0.34199485197785423,0,1,collision
